-- phpMyAdmin SQL Dump
-- version 4.2.11
-- http://www.phpmyadmin.net
--
-- Servidor: 127.0.0.1
-- Tiempo de generación: 14-03-2015 a las 17:02:22
-- Versión del servidor: 5.6.21
-- Versión de PHP: 5.6.3

SET SQL_MODE = "NO_AUTO_VALUE_ON_ZERO";
SET time_zone = "+00:00";


/*!40101 SET @OLD_CHARACTER_SET_CLIENT=@@CHARACTER_SET_CLIENT */;
/*!40101 SET @OLD_CHARACTER_SET_RESULTS=@@CHARACTER_SET_RESULTS */;
/*!40101 SET @OLD_COLLATION_CONNECTION=@@COLLATION_CONNECTION */;
/*!40101 SET NAMES utf8 */;

--
-- Base de datos: `practica1_506`
--

-- --------------------------------------------------------

--
-- Estructura de tabla para la tabla `crucigrama`
--

CREATE TABLE IF NOT EXISTS `crucigrama` (
  `Titulo` varchar(50) NOT NULL,
  `Fecha` date NOT NULL
) ENGINE=InnoDB DEFAULT CHARSET=utf8;

--
-- Volcado de datos para la tabla `crucigrama`
--

INSERT INTO `crucigrama` (`Titulo`, `Fecha`) VALUES
('Crucigrama1', '2015-03-01'),
('Crucigrama2', '2015-03-01');

-- --------------------------------------------------------

--
-- Estructura de tabla para la tabla `c_contiene_p`
--

CREATE TABLE IF NOT EXISTS `c_contiene_p` (
  `C_titulo` varchar(50) NOT NULL,
  `P_id` int(11) NOT NULL,
  `Fila` smallint(6) NOT NULL,
  `Columna` smallint(6) NOT NULL,
  `Orientacion` enum('Vertical','Horizontal') NOT NULL,
  `Puntuacion` int(11) NOT NULL
) ENGINE=InnoDB DEFAULT CHARSET=utf8;

--
-- Volcado de datos para la tabla `c_contiene_p`
--

INSERT INTO `c_contiene_p` (`C_titulo`, `P_id`, `Fila`, `Columna`, `Orientacion`, `Puntuacion`) VALUES
('Crucigrama1', 1, 8, 2, 'Horizontal', 10),
('Crucigrama1', 2, 2, 11, 'Vertical', 12),
('Crucigrama1', 4, 5, 4, 'Vertical', 6),
('Crucigrama1', 10, 1, 6, 'Vertical', 8),
('Crucigrama1', 11, 7, 8, 'Vertical', 5),
('Crucigrama1', 12, 1, 1, 'Horizontal', 10),
('Crucigrama1', 14, 5, 10, 'Horizontal', 8),
('Crucigrama1', 17, 8, 5, 'Vertical', 6),
('Crucigrama2', 1, 1, 10, 'Horizontal', 7),
('Crucigrama2', 3, 1, 10, 'Vertical', 3),
('Crucigrama2', 5, 4, 1, 'Horizontal', 10),
('Crucigrama2', 6, 14, 11, 'Horizontal', 4),
('Crucigrama2', 7, 6, 7, 'Horizontal', 5),
('Crucigrama2', 8, 6, 11, 'Vertical', 15),
('Crucigrama2', 9, 1, 8, 'Vertical', 7),
('Crucigrama2', 18, 3, 8, 'Horizontal', 4),
('Crucigrama2', 20, 2, 4, 'Horizontal', 5);

-- --------------------------------------------------------

--
-- Estructura de tabla para la tabla `etiqueta`
--

CREATE TABLE IF NOT EXISTS `etiqueta` (
  `id` int(11) NOT NULL,
  `Titulo` varchar(20) NOT NULL
) ENGINE=InnoDB DEFAULT CHARSET=utf8;

-- --------------------------------------------------------

--
-- Estructura de tabla para la tabla `etique_contiene_pala`
--

CREATE TABLE IF NOT EXISTS `etique_contiene_pala` (
  `E_id` int(11) NOT NULL,
  `P_id` int(11) NOT NULL
) ENGINE=InnoDB DEFAULT CHARSET=utf8;

-- --------------------------------------------------------

--
-- Estructura de tabla para la tabla `historial`
--

CREATE TABLE IF NOT EXISTS `historial` (
  `C_titulo` varchar(50) NOT NULL,
  `P_id` int(11) NOT NULL,
  `U_link` varchar(20) NOT NULL,
  `U_link_response` varchar(20) NOT NULL,
  `Respuesta` varchar(50) NOT NULL,
  `Fecha_R` timestamp NOT NULL DEFAULT CURRENT_TIMESTAMP ON UPDATE CURRENT_TIMESTAMP,
  `Correcta` tinyint(1) NOT NULL
) ENGINE=InnoDB DEFAULT CHARSET=utf8;

-- --------------------------------------------------------

--
-- Estructura de tabla para la tabla `palabra`
--

CREATE TABLE IF NOT EXISTS `palabra` (
  `id` int(11) NOT NULL,
  `Enunciado` varchar(50) NOT NULL,
  `Contenido` varchar(50) NOT NULL,
  `Pista` blob
) ENGINE=InnoDB DEFAULT CHARSET=utf8;

--
-- Volcado de datos para la tabla `palabra`
--

INSERT INTO `palabra` (`id`, `Enunciado`, `Contenido`, `Pista`) VALUES
(1, 'mejoran la busqueda', 'algoritmos', NULL),
(2, 'motor de busqueda', 'altavista', NULL),
(3, 'operador basico', 'and', NULL),
(4, 'es tu propio sitio web', 'blog', NULL),
(5, 'pagina que busca lo que pidas', 'buscador', NULL),
(6, 'sitio donde hablas con otras personas', 'chat', NULL),
(7, 'revista con dibujos', 'comic', 0xffd8ffe000104a46494600010100000100010000ffdb0084000906061412111513121216151516191c1a181818191d191f1c1d181c1c1e1c181c1c181c26201a1c241e1a20232f202327292d2d2c201f3135302a35272b2c2901090a0a0e0c0e1a0f0f1a32241f24292c2c2c2c2e2d2f2c2c2c292c352c2c2a2e2c2f2a292c2c292c29352d2c2c2c292c2c2c2f2c2c2c292c2c2c2c2c2c2c292cffc000110800e100e103012200021101031101ffc4001c0000020301010101000000000000000000000604050703020108ffc4004c10000201030203060205060a0903050000010203000411122105133106072241516132711423428191175253a1b1e13334546272739293b2f0081516244382c1c2d12535a26374b3d2f1ffc4001b01010002030101000000000000000000000002030104050607ffc400331100010401030106050402020300000000010002031121041231510513416191f0227181a1b114c1d1e132f15262061542ffda000c03010002110311003f00dc68a28a222933bd8ed3cf61c3ccf6e54482445f1286186ce7634e759cf7f2a0f0ac1380668b27d064ef526f28952c7b6fc6a4b61702684640214c237d5b28ce7a9247979d53f13ef578ddbb6998c2bbe07d5a1cf5e983d36a9dd8ebab4ba31c51394688f319c139fabc72c69932afe360dba9c68f2a58ef36fb17d1a7379bcb5cb1d2aa32d9db0bec0753e75a466923d4981ce0ef1c0e02b09ef58248d9b4706f9b5d3f2f7c53f4917f74b47e5ef8a7e922fee96b3aa2b777155ad17f2f7c53f4917f74b47e5ef8a7e922fee96b3aa29b8a2d17f2f7c53f4917f74b47e5ef8a7e922fee96b3aa29b8a2d17f2f7c53f4917f74b47e5ef8a7e922fee96b3aa29b8a2d17f2f7c53f4917f74b47e5ef8a7e922fee96b3aa29b8a2d17f2f7c53f4917f74b4c9c0fb73da2bb11b411c6c92062ada2300aa3e866dd81d98e2b16ad4a18f86c3636b247c56e639b49caa6b3e22e0ba32ae44607a7dad8ef9a6e28a7713ef3b8d5b5efd0ae25b789f5aaeb78c08f0c7025d5fa3c6f9c6c339190455c7693b5bc66ca096692f6ccf29c46504322b33360e13991287c29d44a9231bfa5633da4bde75dcf2739a70d239595c619d751d2c46069cae36c0c74c0c5317168a5bbe1b15c399552ca28a150e09597992cf974627002e809d0fc206da4537145643bfae29f9f17f74b5757bde571d8627966e4c4a9cbc878d5493280ca8abd4be83a8af551d71902b3fec776a458bcce6332736078701b4e35b21d5f09ce34f4dbaf5a70eddf6c2daf0dd4f00b6669047813c279c15a2446e5c9ab1ae37072b8fe702c3386e28a27e5ef8a7e922fee96bb8efb78c188cd98f9618217e52e0330242fcc8527eea40e0d78915c4524b1896349159e33d1d55812a73ea36de9fa6ef16c8c73c42ddf3205d32f2e153cc58664e79894f2d5f322a617ec82d90d8a6e28b52ee63b6f73c4a1b87ba652637555d2a1762a49e9d6b46ac6bfd1aff008b5dff005a9fe135b2d1dca228a28a8a228a28a2228a28a222917be3b58e4e1e1662446664d447500063b7e14f559df7edff00b51feba3ff00baa4d16560ac038bf0948d525486558642dca790e75e838623481d0d55c7a33bae47b13fb77ad1fb1bc478759c0935f8373331630c03c6b12f4d6cac4286623a6e71838df3546bc4e3b89247be7186f0aac718050b7c32269c008b8dc6fa86d8c9d41808bef05ecf584e01324a9b78973939cfa85c631bf4ab21d8bb02c88ab74cce74aa878c6492001e2503726a91b89b9b948cc51c6d1af2488d71a8a67c4c0f57246e7a9f3a65e0e4c7736f2cca238d268c977c00be21be49db6f3ad3d417b012d3e0abcee02d44b4ec5d94a488e1bd6c3ac671241f1be74aee7cf07e5e75f60ec670f611922ed56476456668b1a9182b0db2762c3cbf1ab9ec871ab78836b9624d57713eeca32aad2e64dcee06478aa05cf1085e0b44e6a12b3ce580d2ccba9e2d240d5919c1c11b919c5688d44c64dbe1633f4255c5a36dda8d73d8ce1d1856717815cb85398fc5cb708d803c5b3103a677ae8fd84b00ea852f43bc86255cc473228059320e01191d48ebb66a4f1ae21049159a99a3cc725c33646a6079e8ca0e778f500776f206ae2e3b436df4b8585c45a471195c9e62e02911e1c9ceca7077e9b541da99c703fe5f6baf5590c0473d12c47d91e1acaee05ee98caab9fabc29672807a9cb291e1cd585c7765648c13fde9d89c783491921982ee373a509c0cf4f702badbf6a22fa3ccbad0346f6fa41913c616ee49095dfc948273d3ad5cd9f6a2166865919610674930ec0783e8b30d5ee35301b67723d45664d44cd6b881c1fd81500cf880b49efd94e181518b5d69914b46494f10048c8006aea31b8af96fd8181cab086ef94c237d5f544e894e9461e3ea5bdbe78eb5616908b94b048e640f0dbb331003326256c8235654e181d3d4ed56f07686d84280dcc5916d60a72ea0e52e8b38233b155f111e43ad665d44cd68dbcd91f4ba526346eab48767d8e55958dca482de37785dd194373514b140acdec7d76e86aff00fd88e1b98862f7331c47830f88ead1b78bf3b6ae9c6789c0f6f74a2589b57139a4c6a4626331b7d6282c01f4073d7156f171fb1e6d9b6b8401f07c2395fefaafbfe8beab3d71b6d43a898b41aebf8b532d16aabfd81e1a06585f0f0bb01f57bac24895b232a021183920f4c039aebfec170f25a30388650c6aca4c430d31fab1b9c1d59d88c8dfad499f8dc1d7e93110d69c4115032ecef2b1504e7ac830541c74db39a9577da88164bc952589f1270f2839800630e35608049553f115071bd53fa9d4780f7b80f7fc2cec1d551cdd85e1aaace45f695567270830b1b68738203615fc24e3afb6f5e0f61f87734c3a6fb9817515faaf8746bce73a7e1df19ce3caad2ff8e45f44903cf1191acee5480719796e43a8556f17881d432375dea50ed1db8bb9073930d1e43f393979164232ba757c7ac819f62079d583533d1c717f6aa58eec754bb1f63f86131aff00beea982344bf5797121c211e9920e0b606c77e99ef7dd85e1b1429339bcd2faba6825743693a8636f16de75e6cf8fc063b498f2da7b69ade3881758d9a1552c43e5ca2e963832617deaea6e2b049c30091c0678a565459749d66e11c2861b12067a8c1c7df5b51c92b9f4ec7b3fd2839a078a6cee4ad2de38ee45a194c65a339940073860718d88d87df9ad36b38ee5847f466e593f0a6bcbf30862f31c67007c3a4e176dfcce4d68f5d222becb08a28a2b088a28a2888a28a2888acefbf61ff00a51feb63ff00bab44a4fef3e20d688ac320cc808f5043ed5269acac1342d61b7b6d18b716d33c49796c3544eac1e39a2906be4b38db58d44ae7ae4afa55e702e13c3eced565bd115d5e96d505bc52737cbc09208c953e2c920e7d37e9543c53bb86cea8245dfec31e99f20de62b8f06ec3dca4a9224f1c451832babe4823a118f3ac6e691caafbd6572a96db5cb72cec555c9766e6372c6a39c824f439ceded45df117472ba54e3cd58b83f26ce0d3cdff0065adc23072649482faf500cee5b724b1c63d7ad51c9d968946a71a40ea4c8b8fc75d54e95a4e4288787642577e2527e681f75781c425f2cfe14c50765c4982911553e7231527e4abab6f738ae579d985872d22b327e7463511ec558aedef9a8f7b1dd2e87e8351ddf786335efc3954f6b7921719ce7fa393fb2b52e0dc76d62b7559649247c0254a90475d86cbb6debd714a1c1dd2d2447101991c8f04ca396de1600b1466e85b3a4f5c7b56a1c56e7ff52b08238a18a006de6d31c614f31d88ea3ec85276f5aaded6bf36834775b9a6e893e1c67f0946ff0088199c0b68642acda13eac10cdf9a1b0c4b6f9d3d71be055cd94173147235df39248975ac6e53495df4f45cee54820e31818a615b38a396d445373b3c4e5663a4ae972be28f7eba76f179d67bda0be40f2adaacab134daa6695d7596577c8f08de36d80049c63e75074603560694485ad8dbf33e5794c77d79790dbc733c70a0b82392c327a8d5e3524e350dc1c9e8722ba5ff0008bb596188cb68daa510978d32a255fac11c80aea42400060ef9cede769da58a2104b00b85792d4d9b1870418805589892763a95c9dba79d47ed2deac0f2949125924be4b90b1307e5c708182f8e8ccc31a7ae3e46ac3131bc8598e26bcd31b9b38f4af4e55270fe15713c8a649e3884d07d2d89817c0b136900855df2175607bec735e2cf845cdd46258ae95e36ba100611e8f8b1a64234e44672069eb9f3dead64edc5b2f17b86337262fa398a094292b9d298281464e18b1f4dbad1d99ed49b62819a49d7e932bccfcb61cc8d91024a037dae6286d3d4006b0238d838002b8c6f93fc5b66ba71f64a33f043f4569ccd102ae23646d7acb1ce955faad3baa161b90075dea770eecb4b05cf8a0826749d6dd439ca09183302170b91800ea6e87381e754b271e47b792dff008397e94b2af332174a2cdf113ba926403069ab8976fed63b88df45c02f7697528745c20542ba1086facdd89d5d31592c0e1b4a77607c5b7cb8c5e3fb4c89dab9da551f4281b112c8ec1d0829ab49923919c2b2ef803ae720f4a5bed2f13b8be4511da9b7b59172ac1466518c9cbe9d94004e075009c902a3dcf6c602333208924b45847d42cd0875943e1630da4a903563390c7d8557c1c6638ad239256d72aaf2632a8cb889d5d59249778dd5548287e2524a9c0ad56e8a061dcc19f0ca8be37b81686d1c5f2aa62b0c2f30891501d0ac50e83e7a410349206e57a819daad383709fa4fc04b0ce9d5a188076d8f836fbea75c71b8c5b6a69d02c96d0c4b06bcb2cc922bbbe8e817677e6f9eb033d717dc5788c865b99ede4d6aee6347cc474e87725579687231d399be3a1ad890536ed69cd0b58317cfbf0575dceda244d7c88738923d4474d5a4eac7b7efad2ab36ee719cfd2cb9058bc676c0ea1bd00fd95a4d6d8e07c82837845145145245145144451451444528f799fc563feb93f6353752777a4cc2d1348cb739303df0d8ff3fb29740fc8a6d2ef8472528370e90dfab064502e2ddc82ea0ba9fa31030a727e1246a19f091f9a0a4f2b4152eaa012d229d5d400403b79e7cbff00ed307088279dc20911188246bd0a348c741cbc9273d00e9d48a91c7383dcda042d246c84850ca1005f620c7e1d81c750718dab9eed745b8464e56c4bd9b339c23b683f33fc2acb785638d799cb5f092aac049ab5303e1d4e83cfce94fb4bc5c739551530986f0c489963eba19b5003de9b61669654124922a3652374731866ca8c1316350d440e9b13bf5cd25f785c1dadeebc4495750cac599f38d88d4e49247fd45591b9af72a1903f49286c9c8f44c5c238facc30701bf6fcbfcffe2ad19bd6b28b7bc2a720ff009ff3e7fb6b69eeabb17feb0885d5ee5e05256288f490af577c7c4a0ec17a120e7d2a0ed312ec70bd747db8d6c56f167f3fc248bd9a25d5f4799467e28c02c877ceda41d0dee36ab8bced619ef20bdb58d9be8d140af039d2cc6225895232319d81c7aed5be4b736f688033436e9d1412b1afc8741589f7a1c5c4bc66dd6d678d9668a188ba95954169a419f09ea356719ad81116b7e1e7cd71ddae64f2832b69b91f0f85fbf92a8e19dad927f0c7208254b892e554ae4891c608f11c3a01e5807d7a543e23dabb8e711c4d8cba869120c01a46760a80606e7a0cef563deef60d787c56f2f3e496691d95988541855c8d2a8320e7cc934d7de6764acedb827320b68d1c98497d397f1119f1b65b7cfad3ba2ec38e1606b638c8744df8878f51e633f62121def024bd1aa086e2473ff1238a4901fe931183f3cfdf558a97dc30859e09110e4aac8a541f5d27c8fb0fbc56e9c3b8f9b2ecec172a81cc76d090a4e01d5a17723fa5513b517ff4fece4971730f298c4645539f0b2b108cba803e2db1ecd8f3a988c06ed391e6a8935cf749de30069ffae3d55245dd75e5d44a657b44470180c492919191f9801dfc8d2e700ec6ba7177e17f4c7d0aa58ba2a8fb0af80afa82fc58fbab55ed3f0a86e38740971766d231cb6690384ce108d19638df39c6fd3a566fddcd95bc5da12967299a011be99090c5b28a5b70003e22474a08da0552adfad9e476f2e37d463f0982efba8e193ccd6cf7f33dd2afc2648f5018073a046323041c7a555761fbab8a66bdb5bd691fe8d2aa26872a30cba8305df19041f6e95a2db70bb237f73710af32fa300480b30d25a31a4007c2ba9401a803e7ef4abddaf1d9648f8b5d48ba26e6162a7ec148ce10ff0047481f754e82a0caf24924d9e72a97b11dcd3192ee3bd6956147e5a0462824f3e6fa11a4afde48fb34bbd91ec4f3f8b5d59a4b2476d134da882a4e947d080eb52a49246f8f235a9f673bca4bebab5861c78edde69875d2e0aa88fe60ea27db4fad577646ce3b75e2f7971272525b99a3e67e6aabb2ea1b1df5b91d0ee294104af1904e1673dbdeef870fb8b58a299a582e8e332052158b282542e0747046315727bb5beb2e2105bc176313abe89ca15c18816313a863ac6002036475c7434cddacb2b79f8658496d373d2d6e205597cd943ac4d9d86f9d39dbca9be1ed742dc465b1934078d12589891b86043633d1973e5d431f43582d07909debeaad57f7731b0338758c38d2afcb1852c924e85803befa33bd3ad22776d725e7e23e20c16e182e31b0e64cd8dbdd89fbe9eea55585504514514594514514445145144452577b11eab34518f14f1aee323c5a86e3cfaf4a75a51ef2e30d6d0a9665cdc44352804827560e0ed80719f6cd3c0df42965b96f2b2792572595e304a91e1c676c75cb1c7cb6dc7b8207a9e08d543ea80f42426b0ebee7544ba71e7e2f966bef17e192bdcb428cf2c91b0475211485739573a54663e87564e8237041ae76968d3dd683118ce8d41500404c7bee1c30e9e2f424820e02e78ce60bc1c2f47176b930ef90fc43918cf4ac5d1fb7a5db766e5e74c6795cc85574a6adcae182effcedfd33b9ce4926a7f6cacada68d61b9db593a18100a918cb027e63237cd78ecfda87bbcc738963d04b29d3a959587e620041277cef95f9d2f76df8edbb5f34131319882a86c6a04380cc76dd5b0401b7519356340dc1b1af30f74933f7bb9f2e079059d71becfbdb3e090e8490aebd0e3cb6ce0fa8cfe35fa7fba9643c22cf474e5e0ff4831d7ffcb3589768f8fdb35b4b0a90f9c72f49c818c60ff371faf7f5a93dd377a6387936f73a8db3b6430193131ea71e6a7cc0dc1dc67715d407195751a5c3bf3e1f70bc51e5943189c2f258e4ae90a0141e4086c923df3e74a1d94fe3d69ffdc43ffe45afd65716d6dc42db0c23b8825191f681f7047423d460835f9e3b55d8f1c1f8ac19626dcc91ca8e7a84591752b63cd7d7cc153e78acac5a78ff004911feef69fd63ff0082adfbe03ffa08f9dbfed5a62edbf6161e2b1c2b248eab1beb063c78830c11b83d4742293fbe4e25f488470db3c3c8855e5c1d91501d1193d35b1df4f905df19a2c261e0dc792cbb3f6f73221758ada225463273a40ebb7522b23ef2fbc6bdbe8515eddadad24f120dcf34a93825f001c119d200f23bec6af6d7b4571736b6fc18a4701d30c673aa491821562eba40445010b6496e8475a7ce3f15bc9666d59a301f314219436f19d2bb1ce406006adbaf9135cbd67680d3bdac02ef9f21eff0ac63372f3c5b8b70b9ed60b7bb91662ab1bf2622f23ea54c6eb065bed1d8d25f03e19345c4e6bee1f66ab6ea1a348a56e491f56992570cdbb676ea4e738abce29c2105a38441194c9e5c6ba51045827e1c6a7391e33bfa01b934fd9fef1b5d95f5c08950c4c891479ce752e84d44fc4720938f207e75aceed196461742df1033e781d158221e2a1f6338d497fc52e2649cdace50b48c8aac8517969cb09283d301b59f3fb3b54b5e1533dcb72eea674b94796e172221269f060342ab9c8d8b05d2491d77acf3b35c4ded789eafb4e0a90485059d432862760bcc0b9f618ad6385dfdb0922926bc68ee0a0815078405501f712264838d46438049007a567592cf1beda4d118fbdf1eab2c68f1489db882dadefa24b388c4028691c3b8570d8f08c36c06307a6ff2a7ab5eef6dda4d650041ba696d40ee486dc9df7ce72734b7d87e0eb27179994f3238d9b413be57a8276eb96f6a9b717d750dcb436dcc3040f832f314421356a00b484460842174e73906a066388838e00b24f5f9a48ce13649d8eb0d40359db966c9de35df1d4e3ff15ea4ec8d92a106d60080ea20c6b8ce319e9e948d69c75defdee7e906e650863482ce179d625620ff0009218d013a776c303bfb0a8dda2edb5cc123c7750c888eaac8b2ba93b13920c0aa3af51e5b67d6a5b2426813efe7cad7a5aa760a08124b95b65454c45908ba46afacced81be314e55987721c545c25db8181ae31ebd15bd49f5ad3ebb6c04345f40b1548a28a2a488a28a2888a28a2888a52ef26366b640afa1b9aa41ce9e88e704e0e01c633efe5d69b696fb731ab45087ce9330ce3afc127b1ac3bfc4fc8fe1129a582c92b7108a488b9b7c20dd490724a0058624f0e324eda8790de2df765e5334b22de4484a89010a0827a18c6a7ceac20dc118cf5f49b657a6d9d9e1594c6eb8922668c676c6a52ad95914607bf4f42b51c2e53670c8639220f2471ab491c85c471ea639064d3f58c64d217aaaa2939380da31f725bba915cf67786f2a5908d0c85143b80c30cb93cb04920e9d475790381b90d8c1bb617064be9e46c82ce5b07a807a0fb862b6b8b8b08ac0c5a0a698caea3e1525b3ad86ac379b374f4ac86e38534acf3c83c5349b0f42ed903ee1fe7ad63482dee701e49748e0bda21a795723521d837523e7ea3dfad73e35c0154732175743e841c7f9ff3e95c78af076b793492197a823d0938d5e876afd09d89ec3d84bc3ed2592ca0790c3196668d4924a8c93b6e7e75b661daeb69a5d11da1de45ddcadddd0f047f2933fd1ee79634bb791b4da2853a98e1038cea209d8787e2ff00973513bc9ef220bc963fa2c65c5bf33548ebe0659405c2ae72d938c640cd77efcbb55a0c5c2ed74a444069446001bb7823c2f4031a88f3cad67571c65238562505c69dc13d493b648e9d3e11f9c37ad86b41e572e479bc291c3fb4f7215a35b992281464c5cc765c03d30a70a3d863c87ca2f0fe3a6362629ca0249208d893e6106547cc9276a5d331dc0d81ea074ab9ecb5bc524fa26426275d0cc3ac648da51fd12327d5750a39c00ba46c649e56b1dddb34ceb765034c2211274003ca598b640c80123c91b9f1103ad4db6e01986f1b9c64991794b9eb1f20ea5ff998a86c0d86c37392553bbee36787dcbd8dc675c72b98707c2f21468f49c7e76134e7a64fad5ddd73b8747c4e696400dc1090648d4f2904348aa7ec8d79f92fcb3e5756d90ea1d9abdbb7cc58fb789faadc8f0147eebf8c3cb0cb6d33334ccf3ead5b9c3221cb13d3c67af9d29f616c3997b35bb1c22b737491d4c65940fc2534c9dd75d327119e17003490c6d9f3222c03e4724eafd5516e3864b6fc46e9add354996c0d800aca7c6c4e02a2ecc4b1036ab890d96560c6e68215d18c827c0a68ecf765d64bb92eb9201f832e32325806e5e3a1545c6a1f69cefe1a5def4fb35cebc59e296248d50096576d288ca4f872325df1f610337b0aaabcede25a4724114a6e99d8b1dcf250b75191869f7c923c284939d7553c2782f11e2f273012557c3cd721513f98800f0ff4635a94304ac7f7ef75340a17d3ebefe6ab91e1c6805297b4315823c76faa5793769271a54ff46dd4e4aed9fae6c1fcda5de33c6a6b850f70ef216da3d470aaaa77d08b85519db61e4d4fbda1eeb2dac2c5a59a669262ca01f81467ae95ce58fb93f752a472da614348c428c0c8ce0649c0dba6493f79add82485df1c60bb3cd2a9cd778a72ee1d940ba048d679640f32abab27e5961faab47ed070cb69a1617688d1282497db48c7c41baafcc1aca7b09da5b386ed403a756575b6950323cd89daa3f7b3dbf8eeb4db5b3ea890ea918640761b003d546e73d0923d01a83e27cb358b0a95aaf74bc061b437696f289626689d1b506c0656f092bb1c63aede55a25635fe8d7fc5aeff00ad4ff09ad96bab44503d02228a28a2228a28a2228a28a222967b7b18686204e073977ff924f714cd4afde0445a08954162665c01d7e07ac3bfc4fc8fe112ab5a429be759f3d793bff342b0d23db7ae53da5b4bb189d14e752aba804920ea3824e723a83f3cd45bdb392342ef13051d49c003f13e7d06335e6df83dc3a8c03ebab080107a6326b8943aa287c7ece2e5958f9da9f0a0348ac31b9604104e3483bf4dc64d2edec0bcc862246155a4638fb8633d7c8e71bf5dfad334bc35b9da241f02838d8eee7f9a719c2f4f7069465e22a2e27930485f0a9dcecbd4fb9dc1cd75b48da6da84870aefb3f70bcf9d9e0e6a88c46aa40c1070486d47e63ceae4702b12bfc5117f9ab3caa07c80dbf5546ec6701692dd66772a672cd811336083be583600ce7a8ab05e1475953347e47e170707c88c6c7db39ae76a25b95d44acb45058d76d4c0b78eb6a8238e3c26c49cb28f1364ee7c5919f6aa982004659b037f235d78847a667d586f1b8f63863bfcaae382f642e2f5072523c9d4230ceaacec9a754632dd42b86c7a57618035a0215d5bb0ef00596ecb4713aab028aaedf58ba9170cca09c6e74ead3e78ab2e11c0a516d23dac5231d6aa398982e5b6c000f4008db7ea73f160693daabb861b8168e0413b4502a4b8ceb4d26260a4f9ae586938c8f3aa0ed3716b98974242e61d5cb83449e22d09fe19c2a976cb8c8dc0c019eb5a923dc5db56ec4d006e54d65c164ff005a70d9e72733b0259e4d64bc64f56d2a013850131b6c326ac3bd398c9c561826915618d50aedfa4650fbfaed9c9e8055176c78c3cb696e44ba8413c8ab284e5331d28c1f0a7c2412c323a919eb5f63e393de85b868a192e917949248723c1bf3396461e5dc609f08c674e771a7242e323663e00b7e5d0e5498c73dfb631679573c76f22b5bc8efb9a620a8555140324a1974f815b658f1bf31c609f84352471fed8cf784a0fab898e796a49d47c9a573e295fddb61e4146d5ca7ecf5dcaed24eaec4925dd98313ea49ce4d6a3d8aec3c30bc2da6391c12cc721c0050b0208d8303a3db0feb5173a1d2b43ddf1380a1f4f7cacc90ca5d7202dbf2a4b9d8eee8de7559a76d0a7042e3271ea738c7ebad6382f0f86d4184119505c6cb901cef8d207e68c803c855c2ed58df79179710f12eba565553195cfc2a0a91f318248f715c712cbda1216b9d5e2029d35a282f1ded71496eee3930ab34509c123705fcfa7a74fb8567a7b3f37e61fc0ffe2b4ae1a90a200c467cfe1ebe7d7caae95acf4ec7c5eec807bf43d6bab16a8e998236370140c6c71b25630dc0e51d57f51ffc5726e1527a56cb24d6a37621c790ca0fbf258f9e76c557dddfc4f9c247b92724a13bee7cab61baf7bbff0095130c7d55f7fa372116f760ec79a9fe135b1d66ddcd018bac69c6a8fe1181d1bd00ad26ba61db803e416ab851a45145145145145144451451444525f7af6a64b254562a5a641904a91b3e4820120e3da9d2917be39f470f0de2da64f8739e8db8c6f526f28b29e21d9ccb16e64872d8c39754d38c649690ee4e0e479f96f5da7e06f1c48b9578bab10d861b6da4b86d401cedfab6aafe1dc7712f35dbe90370a1dbc51fe76918d89ce0e47975ab2e3f70d73098d14c7ab4e35f311b2cda7655182bb819248df7c6d55d045df831e4589973e26d7267d4b1c27fdbf8d504984b11a87f09e7bfda6ce7e5a7cfd855ef6bfc36f1dba6dacaa0f90c01f812b541da59150205ceae986df65f0aec0ef9d47df6f6ab982812aa7e480a45971f9d14471cf36e06851a974e73b952f855048c6704fa6319f9da092e88532b12b19251038cf99790801742e14f5539cf99350e5e28d147cb8c78bab912952809ce03eb2067032a357bef567c2b8b23f3ee662d241a522dd46179bf181b96d230b9c9cf5ad39488da5e02db863ef1e1ab369e4c9a66ec071d4b7bc8e499e448558b3140ac54e9d98075619f2240ce9cefb542e3fd9e36eeda41789b78dc6fb641c123cf1e7e750f844666922b72c115e5197c671a8805881bb606761b9dc0dcd6c35e1e2c284b13e276d70a2bf50f6a2ce3bfb17748a29668c131eac1d2cb82406f2caee3c8e54d62fda1ec96660249dc22c5b8c3e4f2f6728ba71264056f0939cef8c669f21e0d70922088c96b21589934b60721f20c2e8e34c8f6f2385d2c3263318ea31559c3ef2eeca3d3756eb7421566468f4eb8f4b0fab19ceda195d7a1d3b60e2b5a5710ec72ad8858cf095f8ff675a1e15e18a4118911c73110361b6e8aec403d4838dd86de417fb2f6c429707a4cb81e834b673f71c7dd4d96dda1b9bf898b6d07d25199082e4a125f4961f650051a554673bd54b308b5387120748db20ea3e1d437236d5a401805ba7539a81dc1841eab7b45b7f50d3e147f0548e1f78e65642c70b338dfcd749207c87fe2bbf0ced13dbdc2f20845cc8ecb9210a2f846a51e11a8afc4067e13bf4aa5b5e2c139af9c162c17d8e773f702b5c21e1924d1b30054300501fb413e143e6063f13bf90cc63d1bb50e2c02f0ba7add7c31423bd3767fd7be995addef6fe27b68e488b6b61ab42ee4119186c0391a8676c640f434713bab3e276ff581d4a64aaba946d4548db230c0fb1f9d67a9de85e5ac10c4b2db6150284542cc814003578b1ab1d47ad7587bdce20d83ce8467a66223f0f5ad31d90c61b6b8820af3ddff0092fa7bb19b2e23983e0eda236932a73e2ceadb1d0838236ea37a916fdccddb6926688063bab2b2b003d70180e9b75f2ae49dea71612140a9291e91138fbd7a7df5629db7e2c19020e71d00c8af1a4603127753852576c6f83b37b1aeab23a14ec954976549bcee3c92dcaba2a063416cb13eba8285d18f62d9f6ae67b8f9b4ff001ff17a686c7e25f3faaa9ee3bece208e53956fa81c6c8e771e9e3deba4ddf37128c6a96d61036f891d7ae71d5fcf153eed6372d17b9aece4f642ee2b820b1746520e415c3007db3a4ec77ad26b37ee73b572f105b99a64546063401738c00e73e227f3ab48a99c7d96114514561114514511145145111495ded7f115faae6fd6af83d7c2fea0e31d73ed4eb4a7de3f086bab68e04c6a79946e74ec11c9dfc8e01c1a93794594f00b348544ed0aa9937d97c518f25381f0e064b0037ce76dc77878c457170b121d66226466d3b0c020283e67530dc7a5585e777d7f1ae8589e41cb2a59648c804e4642b156ce3aed8f9f5a89d9bec9dc44f362cdf99944d394d446325d8ead2012dd33b002a2b0aab8ccfccbf893ca352d8f7c64ff00894fdd553c555a4bb3cb0cc55428c305df49201c91b1d5be37dbcfa537dbf7717b03cf70c8b264e02c6e247ddc93e437dc6deded4b9c2b825d35c4aa4c96fe2cca08c15cf8940df05f0c460ecbb139c81599246c71d9291c4f964a6851adac227980b9b8468a362fa40663a980010be3246064a8f203ee64e29c66de15e4aa284f3014a60f5c8c80adf71fc6ad45bac116888e8f7ea493d4b13f113ea695ef64bbce418a51e84143fb48ae0ba4fd4bf71e0719fe97b0d1e84c2ce3e66aff007b512c950868d58490907c27e241e98ea57d3cc7966a0c7c0fe8d32dcc5a488c87456048c8fcec1074fb8dfcfcaa5bdb67c4f0344c3edc2c0fe2177c7dc6becb7d2aa1605654fcf51923fa683cbd4aee3d2af6b9c0fc256f4b045247b656f1c1ce3e8735ea3cc2d06cbb5f23c05d2433162cd2c71f85d1246c02bd71323e4f98607cc006a44d39bab31a26559ae10849940559248fcb1938718c3467a78f1a9573598767f8d346faadf4e252a1e32baf78ceb52be24ca86f32c00c9f955f7683b452491b20b451afc5261d80671d1da34d95c6c43062db0dcf4adf669a59c61a4d78af19a87c5a77d6e1fc8551d96bdfa2e8864490b282ecab9de56388d49f874f2d03649c746e82a271481a499de1cc9af412e4698f20382109dcc60b0c606e079f53cf8cf69ae9d819c284d81458f42b05e8ad8dd80c9c0248157307128da359030d2dd3d7e4075247a0aeb69bb39aeb339af25ce9b5d24247702fa14bdfeca483492c8fa77d27500727272475ab9b5bc600295202821d49c95c7420fda53d3f0f7a991b3b1c2809fd3eb8f5d00fed23e5551c76ecc3924ea38d24e3070dbe0e3d08dbd89f4df6e2d568e27f7709cfdbd5426eceed0922eff50cc79e0fa7bf45517b2b24cf244a0a16f0b95ce876009207e76fb139f6a63e1a914cab1c8844ac7c4ac18e540c9652c4803f0c138f7aa1e05692dcc52a23b465981c9601187a631a891a4eebf235da0e2df46330b8d524c7eafae4aae32304e766241df7dba572a6734b9c4755746c7001ab458002461718dbd3f000e08a817b336250720f4d4a7ae76445f3077f11c6dd475d92f832de7139c5bda8d006ec412aaab9f8e46ce4fcbf0150bb5dd93b8b393972c91c8db12632c74e431192ca372031c6fb0cf98aa370b57f77839caba92c3972aca8c2378d4018cf503cf23752063a7fe45719d659b9f339d28c0b81862d211b00ad801481818048c6f8eb513b3bc69d64549a37b98cec22d4413e40640248f2d3e7faa982ee64e72c90f0fc4dcc66e4852ba174a846e80107aeac01ab3e9bd86404d00ab103982dcb50ee5f884932dd3c9172bc5185420821406c139033e7be315a5d677dd1caedf4ae68d2f98f236db6738db63b1ad128ee7d16514514545114514511145145111551da09b49b76c8189bcfa7f052fa55bd2777a37423b48dc9c013a6ff00730a9379453efb8cdda6f15a0ba5235031c891e3ae14891b2c7dc0a8dc0f8b5cc84acfc32584b9f1b732220676ce43027031ea76e9598dd899e3222bbd6acda943caec75004615b51c0018edeb8cf4155d6d62f1b8d523aaa8c334cccd9f431b292137f56cfcaa168b4ae23dbc7b6964817875d695d58989c838db50d5927277032491f852543773b416cb6e103bc6af2171d0103539fe7331f4393935ee4ef2274b7748eede6241446116a1a9fc2bf5982762c372c4d597078403263a295887ca241ff56351669dba99d8c7f02c9fa7fb537ea5fa5d34923393407d6ff60945a1b979640f72c155b48d2a8092362775d86738afa78749e57327deb19ffb6a644078867386607e7935cae010c1b7380c303f9c571fb2bd137b3f4cd6d6c0b95ffb5d683895c3ea554de4338d7aa452aaba958210e4f4c0d0c37ce07a1c8a60e05d9f859bebd7993044326a20a82d93a70a0062319df3d455571a0da79919fac80eb1ee31e253ec40ab68bb716ca0077e5b328218a9237f2247983e5b555fa3d3c4eb0d01351da3add4461ae793efc6b956dc52448c0d6caa3a01d3ee03cfeea5c926627c0848f56f00fd7e2fd552e1bc499a4b8602450a1221ba87639d3919ce81891c8cee02fad70b7882a851d0572753db7231ee8e21c62f9f45e87b1fff00198a76093504f00d70339aea71cf0a15ef0e322912b8d27c947e03272739f400d4eecff661c48608adb43e8e678c84253569cf8bc5d7c88a78ec4700509f4b94649cf28119d2a320b81f9cdebf9b8c753555c6bb4021e2b0dc69dbe8d2065d41495e62fc3a80cbf984f3c62bcb4fdad3ea647460ee201c9e2c7856174cbe0d1bcb3471815e3c93eaa18ec6dd464e2d89c9fb2e8c3739f36040c9cf4af9db5ec872f84c8d3e81287d6307380da174e70324690df711ef56fdafedf48d014e1c0995bfe23ae8083d543ee5bc86d81bd61fc4da70eef7323b487c24bb16396ea464f4d39fc69a266a7505af9086d1baf13f7c051d4ea752e8c091b4df957557fc7ee39302450dcc2796011a078b08469dcb1f11639c0f727614a48af24802825d8ec06ecccc7f6926a6712be2ea15420fb7e1007898007a28c1dba7dfbf5a62ee8ec049c5612464440ca7e683c3ff00cc835e89c6b95c78da6935f64385ddd95a4890c06491e6ccc639423058f52009ab693c5ace0823a75cd4b86dcf10f1cab80a492700165648a32c541382155c11938391567276cadad330b4cab2e85ce55d951f537f09a07841d637cd72e2167737d1481888cc6cad111bc521c6a24693978dbc89391f315a2e25c6ce3cd6cb40180b1abcb592ddde273868d8a823d46ffaf3914dd3f6967e520962ccc42184aefb9d0b82493a7c087209dcb9c8d8669bb52faa440f14913632f1b9d4412493873e220e36d592327aed96a92f92d6d94dcdb992103eadf00eae647fc1c98001620af8f7e8c3248ad8be161d96a76ee31a729766e43eb2e98d78ce9d2d8c636c6735a95659dc470e10c57215830668df6391bab6c0f98db635a9d6dbb9f45cf4514515144514514445145144452477bd6665b058c0273326c0e09c063e7f2a77a4bef5e764b25650e48954f8002df0be701b6e9526f28b128b86c9031e509524fb0067c431b8605c9cfdd81b741d6f2c38ddc6ad3736f20c0275a11f0e7ab0c818f718f3da96f81f189b9f88c4ac083805033697209259b1b12bf1138da98ef2c654face4894f981212c47c9b0a4efe5fae95d542fa051dee2de6b9b78a1475659398e086518452d9209c125b4ef8a68ecd5c061363eccee0fe0b4b9c0eeb9d3c929464e546134b0c10d21d4db64f928155fd9bed28b7be9a272024eed827a2b824293ec7a1fbab1a391add61e955eb95b1add339dd981c06775fd05853784c2579aa7a89a41f8391ff4a9e452e5d769b973cba93196d454f50c7671f73827efa8dc43b6d85c22807d6bd3366606e4af3a607bcd81cab9e228dac007c2cac24f65006ff33922926eedd45c98d828c804ead5f132862069237c9c6f4eb610caf086670923f88f841d8f4183e8314b7da2e112873390094d3a8a8ea3701b07a118c1fbab5f56d2e66e68ff004b634ce0d76d25345a41ca8d41d955463e470b9f7ce81faebdcd7b800a2b3927000dbf127a0aa3e11c73c05e52c808003b292a4e4ee30763bee338277eb9ab18b8f45e7283efa597f6e457889217b1df105f56d16ae07c2363c0e7a58cf9ff000afed3b4b748ab0ace5542fc23412a3c802632d81f3da95f88f1a5b7931b1c2b13824927ec827c8e6b85e76ab0711b6bdfc90e31eeda8e7ee1f852dceaceed29527ed31c0c0c9f6ce9193e75669f46d04bb6d5fd2d72b5bae860c6980dd7935fc29f171f7d4b2b0d94e163c9007bff003bdc9f5a8bc7b889b839d89cf874f40a06e77f53e67c97cab85d20e59393d71f116fdbf8fe15023906467a637dbfce6ba4d635a7701e14b8126aa5919dd39d826cfbe8a79e14e234638f182410430201d3d549c6e31834f9dd6da1b691ee245d2a1551c938089210cb29cfd9f01191e647be27f6538784b6293029cc430460ae0a8399659707e2258a01ff0020f334e1325bc28165c78e311ba0048700eaf8402db33374fce39f2ad499e5c4b42bda1ad0a276c3b0dcf26e6d65e4dc3000927c120234e961be72bb7420ed907a824e229c338746b3b82d0c6130bf6d87d95cff009c6f4bfdaeed0b5b724db47ca44c857914e00237d31c80316f21a4f4cf4cd67379c466bd939b3c85f00fb051e8146c3a51b1b8801fc2ac9a760655a7088dafee641311ce972cb92400003e15c752bb1d3e60751bd4d8af2431b5a5ccca96eac40cb28391e2519ceae58d8edf2d86f549c1acb51476608aa7e238fe7b1233b038000cf9e0f9534f06e056a631ce31bb0662ba9fc8e0138cef9d39c91d315b21b9b554afa1b53ff7156b1c71dd2c4e8ebae3f1479c1255bd589cd6a75987727711bfd35a15c2732303df084646fd3cbeead3eae773e8b511451454511451451114514511148ddf0da892c021240332648058e0062701773b0f2a79a42efa397feae1ce6658f9f1ea2bb903c5d2a4de516610714850ac712a4488180720ee5704aa925589c1c9d5d7a6f5d789dfeb8b2976d1b1c6fa08507c949d248c91ea7ad4be1168807fbba045c7fc45d6ce327c4c4b6429f219f23b52e76a6c9adb2f14022d5f6e1948dc79f2cae41c6775c60677a804573d95b72968ccc4b34923b163b93a4e8073939f84f99ace3b41bdc49fd36ff11ad660b6e55ac319eab1ae7e6465bf593595f105cde483ff00a8dfe2ad0d23b748f7af4bad8b668e2679a8b2bcb32990a96d000771e87652df8633ec33bf5b5ec9f04e73f324dd10ec3f38fa7c8558761ecc176818e3e9114919f9a84753fb6ac5781bc33c9a1b4c81b5321f85d5f7076f848dd7236c8af49a666fa79c85e3b50feec988e0d0f42aff005578719183f7d458ef180f1a907cc75fc08d8d7b1c463db2c067d76debb561720b08493c5c3dacad0a61a2906a546dc0c9fda08fd9512c62b8bb95608bc4dbe17202a8ea7af90f9fcaa576d2eb5caba4e428236ff3fe7f6cdeee415bc8e4fe7693ff003022bce6aabbcdbd0e17a3d0b0be875e7cd5edbf753a22696eee09d2a4958fa6c3a6a6ff00c0a83c3d22b73ca7b63ca95a26cbb6f2203a812a17186ea327a6dbef5a67681f5da4fa1f4908c09182463661bfc88a57b7b5219c2498950eb966444096ea465a18c953991b3d5467a670062b588e8bae626b48da15171fe0f632013006dc1db9680b3363a158f6e5e41dcbe9f96f93eb8170cb1b31f48ba8279589f04653c0be818b101dbccf551efd69af83f64a160dae2d1221424a3301a9a242dd4904ea277ebd0e6a1c3c2677bc0d2c7e08501512485f536b5288493be74b0dfd72474a83d9b9ab261b1743d133dd08ee3917acb22aa2b8542849cbb2f8f4a6a240d3b11b743e559d76f5a66979f14de057408ea4a98ce8662bb6e73f17af963615a05ddf5c4a3996f3a693921654c63190549072082307236dfd2932eb8bc932c91cf146c9a4cb2104efb0d014e41c72c03bee759e98ad5d334ddaab687ba92af697b5c6ee1b759114ce80f3240372a3e11ede6c40f3c74e954fc3ae194e808a7d9b2339047507a6ff008d74e1d6593ab1e647e2373faeac1934b87dbae77f5f43ec46df879d7419b777c5c2d0797bb20e5307098161526449c06eac8e1c05072a34e90c31ea0139deb9df456eb1b498d6a4e989ccad87c8dd3031b2f9927eff0021dbfd60244faa9396ebd558647c9bd463a106b8496315cf8b4215c9f10c860db676f84fdfed5d17e85aecc45729bab70b1205a3f7072b34776ce00cc89821426400c3381d77c8cefd3ad6af59bf738ed8b90ecada4c6a0850bb696201036cefe581d36ad22b9d2b4b5fb4adf6b83802114514554a48a28a2888a28a2888a49ef6cffb8afd489beb9072ce3c590fe67618eb93e94ed489df2f10e470f12e33a664fd618038f3c6738f6a9379458f9e0b70e4a27d5468fab971cca5c36e550b1f84e58faf96db546b882eda68e293c0923a231e6066652c069c9259c63afdfb019aa13dae95502432326465dbab3316662757a78aba706ed04315cc7349cd90a1259c9d4c495206013803241eb9aadf6186b9a538eb7b77716b53e31d6b27bf5c5e4ffd26fc4e71faf14d57bde45bb9d926fbd57ffde93389f144926791320390771bec067383ea2b434713a314e1e0bd2f686aa092260638120fec5778f8898678e453bc4c5c7b9c818f91031f2ad13b4399611c42d5c63429752339504ec48dd74ea39f97b564af364e734c3d8fed87d119964cbc0e0ea4033be3a80481bf43ea3e55ddd2ca221b49fe978fd730caeef1a323ee3a2b67e2224cc52c9cb2de389f236cefa5b070719c7a30aafe25c1e72348c4876395f0f5f4cec47c8fdd50eff8f42d1aac41d0c5fc1ec31d4fc43575231befbe46fd6b80e37189448b1819c6a5c6c083b94f4c8f960d6e3b50c382552c8dcde02971f675cc5234e4c4eba7496f870739d4467f9bb8ce3cc63245e5a8fa322c6f194922d3212362e032872ae3e21a589c8f615c3fdbb83a14931fd15fd9aabccfdb5b7920681924d017eac855ca367623c7f0f963d36e876aa664245b5f957e97573c0fb2cc1fb0f24c727187799d23d3a4eb0fa86472c807246fa9b21f1918cb6f4cd3cf1c76ee91a78432a9cf5633286249ea58eb193eb596708ed7c7146c1d5f531419503655cea1b9077c8fc2ad61ef12df9931912529249138002e47258151bbe3a281f8d73ad77bf50cbbb5a6f01bf171125ca9da58d72be418139c7de48fb8540e37d974b9b943312d1e9388c332f8c6dabc271b0391e637f53481d8cef2a2b45963952428d2178f460950c7753a980c7cbdeafee3be2b4656023b8048201d29b6475fe12a5629644f1b9bf115eb8ef0f31ce6159d9f98a874c80b01a49d52301e190f2d7ed83a8e3ae3656ed2dd98d245d6eeeef8cc9bb698d4e0ec06c44a3c86c08f2ab2e27de75b4ab2308e512b44514e94c6a60a49275e701976dba1a469b8beb20b9c90b81b7b9f7f438fb85470a99658c3486f255a05d0abec00c7b9c015eb99a9997a8037f99f2fc2ab0f175d59393b923e78c2e7f59fbebc47c4d41192d81b9c0dcb1f33bf4ac2d20e0acdc94077c8c74c91a97ae9247a791fdf51e1ed2e98a28c269d0d9623cf073b0f2277ae371c5d1971b83e5b79fe355a190f527ee15b11cce661a69512c6c7e485fa1bb88e29f484bc934e91cc8c01ec14f5fc6b55ac77fd1c31f47bbd39c7313aff0044d6c555cce2e79251ad0d14114514554a48a28a2888a28a2888acdbbfff00fda1bfad8ffeb5a4d21f7d1c166bae1862b789a5939a874a8c9c0ce4d49bca2fcb14534fe4b78a7f209bfb3fbe8fc96f14fe4137f67f7d369e88baf60fb2b05f0944aec860d13484103fddd7573c8c83e31e0c1f73b55cbf758ae8b3f3d6089843f65a4d3cc8eddd8b9d408389891b60e96dd72b9a34eec78a8ce2c671918381d41f2ebd2bdfe4df8b608fa1dc60e323d74f4cefbe3ca9b4f445f7b5bddeb5840b2c93a33332a6851b8701ccaa4e7fe1908338df58e98a50a6c93bb4e2adf1595c1dc9dc6773d4f5ea6bc7e4b78a7f209bfb3fbeb1b4f444ad4534fe4b78a7f209bfb3fbe8fc96f14fe4137f67f7d6769e8895ab47ec870b88d9a4af121189b5332231d582b17c50bb7c78e8703cc119cd0fe4b78a7f209bfb3fbea443dde7184184b4b951e8b91fb0d369e88ae7b4bc2a2fa14b2a448008d30c1114891648449f0c08dd24c75d273b0f4cd69c66eef78c38c3dadcb0f43923f59a8ff92de29fc826fecfefa6d3d112b514d3f92de29fc826fecfefa3f25bc53f904dfd9fdf4da7a2256ad07b0dd87b3bbb781ee2e1a2792e8c58c81ad02c434460a9fad2f32faf8751c786a9ff0025bc53f904dfd9fdf5ed7bb3e2a318b29c60e46dd0fa8df63b0a6d3d115c4bdd36139ad73a63d0f29c465f08892380086019808c86074e18ed9192217683bb092d609a732ea587232232149172d069d59c03850f8f4207bd46fc9c716c63e87718df6f2dfaf9f9d0dddbf162083677041dc83e67d7ad636b9128d14d3f92de29fc826fecfefa3f25bc53f904dfd9fdf59da7a22d57fd1aff008b5dff005a9fe135b2d659dc3766ee6ce0b95ba81e12d22950e31901482456a7477288a28a2a288a28a2888a28a2888af8d451445e68a28aca228a28a2228a28a2228a28a2228a28a2228a28a2228a28a2228a28a2228a28a2228a28a22f4b5f68a2b088a28a2888a28a288bffd9),
(8, 'importancia de internet', 'comunicacion', NULL),
(9, 'un servicio que ofrece internet', 'correo', 0xffd8ffe000104a46494600010100000100010000ffdb0084000906071213121413121414151417181518161815171715161a17141a171814171518181c2820181a251d151821312125292b2e2e2f18203338332c37282d2e2b010a0a0a0e0d0e1b10101a342420242c2c2c2d2c2d2c2c2c2c2c2c2c2c2c2c2c2c2c2c2c2c2c2c2c2c2c2c2c2c2c2c2c2c2c2c2c2c2c2c2c2c2c2c2c2c2c2c2c2cffc000110800c800fc03012200021101031101ffc4001c0001000203010101000000000000000000000405030607020108ffc400441000010302020704070605030207000000010002030411213105061241516181132271910732425272a1b114238292a2c1334362b2d153c2f024631534738393d2e2ffc4001a010100030101010000000000000000000000010203040506ffc4003011000201020404020b00030000000000000001020311041221312241516132a1051323718191c1d1e1f0f142b1b2ffda000c03010002110311003f00ee288880222200888802222008888022f124ad6fac40f1202c66b621fcc67e61fe5019d639a4b0c05c9c865e6770e6a2cfa5a16ff363b9cbbed1e66f80587ff19a619cf113bcedb54d991725ec3ce6fb637c1a2de18df0f25e9ae78cece1cb023a6ff92d6359f5ce3862ff00a722699d83436ee6b7fa9e46e1c332b5ed5ed7fa90ed9ab85cf693ebc6c21cdf1681670f0c7c55d53935723323a734dd7d54e34e539c43dd7e51c97f02367e491eb0477b384bc9cd8662d3d362e0fcb9aa599372e1157b34c4472ed7ff00826ffe8b3b2b5a7212758e41f56a59924945e1b203c7a823ea17b50022220088880222200888802222008888022220088880f8f170465cd40a379731a4fad93be2692d77cc1560ab603b334ace3b320f070d977ea65ff1294090e60381171c0e2b1fd8a23fcb67e51fe1655e9aac41885145fe9b3f2b7fc2f6da68fdc67e50b22faab722e7c10b47b2df20bdb40dca3690af8e18dd24a765adcff603893c1735d39add34e4b584c717ba0f788e2e70fa0c15a30720e491d12bb4dd3c58492b41e03bc7c9b72abddae54bb8bcf834feeb41d13a1e7a8c62612df78d9adf339f45b1d3ea2487d799ade4d6977cc91f4577082dd9199b2fa1d6ca53ed96fc4d3fb5d5bd355b2417639ae1c882b517ea21f667c79b3ffd2adaad5faba73b6cef5bda8ce23c467f555cb17b326ece8d75f569fa035b76888ea2c09c03f713c1c3778adb8154716b7253b9e2566d02d391041f039ae3cda3d2f0c92085954e631ef6b5cd734b486bac0805dcb82ec41458a5d99dcc2707b76db99c5966c8070c0c78733cd6d4abca9dedccc2b50856b66e5d0d1747ebad540436b617ece0369cc319c72b1b6cb8f2cd6ffa3abe39d82489db4d3e63911b8a90e6822c7107305524da2453b8cf4adb1fe642dc1b20de5a3d978cc5b036b6fbab4a70abcb2cbb6cfedfb7338c2a51ff002cd1efbaf73e7eef9742f1162a5a86c8c6bd86ed70041e45655cc762770888802222008888022220088880222200aaf4af765824dd7744ee4241769fccc68fc4ad140d394e5f0481b8bc0db67c7190f67ea6852b721999147a2a96c8c6bdbeab9ad70f070b8faa90ac0f6d2beaf00a87a7ab3b1a69a519b63711e36b0f9951623639bebce9d33d418da7eea225a06e2f1839dfb74e6a66a3ead8a83db4a3ee9a6cd6e5b6e19dff00a47cfa15a44577100624903a936faaef5a2e8c4314713726340ea333d4dcae8a8f24524671e277240d9637735ad1c80007d02d66b75f29986cc0f939b45874dab5d507a48d3a4c9f6561eeb6c64e6e38869e4058f5e4a8756b433eae4d869d96b45dee22f6070000de4aa4292b669167277b23a168cd74a695c1aeda8dc701b7ea9272ef0c0755575baf8e6b9cc6c03ba5c2e5e7d924641bcb8af15de8f806130cae2f0327816772b8f57e6b469016b8b5c087024381cc1181054c6107b07268e8ba6b4236a616d4c2d0257303dc064fb8b91f15f7ef4d48d365e3ecf21ef347709ccb466df11f4f053f51ea76e8e3e2d2e61e870f910b58d6e84d2d63668f00e3da0f881ef8ebfee2aab5bc58ee745553ac923a3884ecb5e07090df2d8c5b2dedbb61ce3f842b0a59c48c6bdb939a1c3c1c2ebd4b18734b5d8b5c082391c08591631516916bcec91b2fb5f64e208e2c764e1f3e2029ab43d1156dd9929a477de5338c64df1219fc2901dc4b4b4f2375b9e8faa1230381bee76eef0cd4b8d894ca7d0c4c357514dec380a88870ed0913347001f63f8cad856bba73b95b4325fd633447c1ccda1fa98d5b12bd5d6d2eabf1f433a5a5e3d1fe7ea1111646a111100444401111004444011110050ab6b2c7b38ec5fbef9301f69dcf8377f85cafba56a8c6ceefaee218cb8b80e76f3c8004f450216868b62779273277971e2ac910d9134049b2d7c24dcc32399736f55d67c7961ea3db970576c72d7247ec560e1345fae03fbb641f955c472ab344226ad77d21bada3e7fc03f5b55f32454daf506de8fa9037336bf210efd923ba0f63916af58d55383919a207abdabbf2fce1a32af62689feebd8efcae07f65fa383af88cb72d2bee8a53384698aadba899e73323cfea365d1bd16463ecb23b7ba5703e0d6b2df52b976966ec544cc39b65907938ae8fe892ac18268f7b640ee8f681f5615a555c1a158788df5730f49547d9d4b64194adb9f8986c7e5b2ba72d0fd2cd8454e77f68e1d0b6ffb058527691796c66f45f5578a68fdd7877e716ff6acde93583b089dbc496fccd3fe16bbe8baaad52f66e7c67cd8411f22e567e956b85a1841c6e642395b6479e3e4aed7b522fc25f6a1d46dd1c77f64bdbd01c3eaae3485508e373fcbc4e4a87d1e44451309f69cf77426c3e8b1eb555b9cf6c31fad7007c6ee3c9a31f359c97132eb62a74768d63e792a88ef5844d3b8f664ed3adc6e767f0f357da06a847398c9c25c5bf1b4127f483f957d8e99b1b1ac6e4d000e9bcaa7d3170e89cdf59b235e3f0e3c392d2d75629b3b97daca3efe87ff0058ff0069bad855255bdb2cf46e6e23ef24e9b161f370576ab53c305dbeacad2f1cdf75ff00282222c4dc222200888802222008888022220287596a5ac9294bc800be417380bf64fb63e6a0cda6226ef79f82291ffdad2b27a46a7268cca3d681f1ca3e169b49e1dc73bc940a19769a0dd6d05746727666bbadfacecd98dd139ec92390386db1cc3620b5d83c638397cd19af0fc3b46b641ef34869f960b7163b76ee1b940aed5aa49b1744d6bbdf8feedde6dcfadd5b4209fa2b58209adb0f1b5eebbbaef9e7d15acad0f6398ec9cd734f838107eab9cd7ea5cecb981e261b9aeb4727477aae3f9560a2d63a9a6708e4da07fd398106dbf64e64730485571e84dcd06ba9dd14b244ece373987f09b7cc63d5778d45d2c2a68a17deee6b446ff8e31624f88b1eab8febeccc966152c69676800906636dbed03bee2dbb77352bd1aeb48a59fb390da19880e3b9afc98ef0dc7c41dcaf2e28911d193fd28e8d30d61900ee4c03c1ddb63078fa1eaa0ea36b08a4aa0f7ff0de3624e409043adc88bf85d757d68d0d1d6c06279b1f5a37e7b2f0303cc63623782b87699d15352c9d9cec2d38d8e6d701bd8778f9e38d95a12cd1cac892b3b9fa361903da1cc21cd22e08c41072b119ae53e9474d3659990c6438440ed9188ed1d98e807ccad0e0d252b1a58c91ed61bddad738371cf006cb6bf47daaa6a5e2699bff004cdbe78768edcd6ff4ef279594460a1c4d92de6d0a7d13a524a79592c646d372be208381079153637d457d5017da924389c835a3336dcd68ff0098adaa5f460ded096d496c77c018eef0386d6d58f8dba2dbf406838291a5b0b7136da7b8ddeef13b872182b4aac775b90a0f9996aeb20a1a66edbb658c68630624b8818016de6c56bfaa4efb4b9f5441b5dcd65f0bb8e2f701cafb23c4ad77d20e97fb554c549077b65db38646579d9b7e11f52ba2e8dd1ed8218e1664c6817e27da3d4dcf558b565dd97bdd98e56aa9ab8ef2b7fa5ae3f9b0ff002aee56aab6b2e5eee26c3c1b87d6ead16433deaa5ccaf6b8e1132cc1bed2b8b9de5b23cd6d4b48d1f3f653325dcf716bbe17e0df221a7cd6eea2bf8bf7e3e6528786fd5b7f6f2b0444581b844440111100444401111004444060ada66cb1be377aaf6b9a7c1c083f55cdf54a67762d63cf7d978dff001444b1df36ae9eb9b54c5d8692aa8fd990b2767fee0d9900fc71b8fe25ad27ad8a4d17b1952632a2465488cad1954498cafb514b1cad2c958d7b7838023e6bcb33599aa8cb1a8e9af47b14ad7081e63bfb2fbc8cbe7812769be640e0b9869dd4caea5b99222e8c7f323efb2dced8b7a85fa0c2f6d2999a164ce2fa8fe910c2d6c1544ba2183241de7306166903d66e78e639eee9f155c1551e0639a23e0f6f50723e2a3eb06a250d5ddcf8b6243fcc88ec3bf10183b3de173dd25e8d3485238cb452997e03d94b6e609b3fcf7e4974c6a8e8316ae50b5db429a1073bec0fa64ae04a321d37782e1326bbe9481c639642d78cc4b1336be6d0adf465469dae03b23208cfb7b2c8596e21c402463ecdd1aea426755d21a5a285bb5348d8c7f51b1e8333d173bd69f48c64061a3bb43b03211679bee8dbbafc73e4158e8bf451777695b52e91c736c771d0c8e249e802ddf446af52528b53c2c61f7bd679f173ae5138aee2cd9a17a2fd5c95b2baa678ded0d6da20e1625cecdd626f80c2ff00d4ba576c09b64781c0f4e3d164739629981c2ce171fbf11c0f350de6772c958c555834919eef138050a58acdd91e1e7bfea5667edb72fbc68dc6c1e3c1c70775b1e65796ccd7df64e581070703fd40e20a98e8cac95d58acafa70e616ee22cb62d5faded606b8fac3baff89b813d703d5544cd5e3576a3b3a97447d5946d37e360c7cdbfdaad3578911d19b62222e73508888022220088880222200888802d0bd22c3b151455030b99207730f0248fc8c6e1f8cadf5707f4c7aca64ac8e38ddf774cebf2325c6d9e76b6cf47715a524dbbae46752492d799d169dd7014a8caa7d09521f1b5c322011d55bc656d22a894d2b330a8f1959a35465892d2bdac5195902a32c8ccd284ff00cf15e5857a071f0c3aef5524c735246f2d748d6bcb71697341b7c37186656673d792e58dc501e9cf58c95f0b957e90d2d145ebb85fdd18bbc865d55ac45c9ee72c6e72add13a53b7db21bb21a4018dc9df8aa9d63d78a2a4b8924db93fd38bbefeb6c1bd48564ba1566c85ca354c0d7e26e1c32734d9c3c0f0e47054dab7ad94f5cd260ed2edf583a373403c36adb24f2055c39ea6c2e43966919fc41b6df7d8311f1c631eadbf8050abdfdd6cd110e2c21ed20dc1d9395c797556ce72adaba06b8973098de732310ef8db93bc73e6ae8ab375a4a86c8c6bdb938070ea2eb2ad6b52aa5e18fa793d68cddb6370637dc82dbe3604385b760382d95734959d8d53ba0888a0908888022220088880222202af59b4a7d9a9a59bda02cc1c5ef3b2c1e642fccba62ee2e24937271e3cfae7d5766f4b5a4bf8700dcd323bc5d76460f4ed0f40b90563335e9e1697b26fa9e4e2eb7b651e9f53a07a34aedba6634e6cbb0fe1cbe565bd30ae3fe8ceb36269623becf1d3baefd975c89cb068ee8bbab93632b3c65458cace164cd112585660a3b57d9aae3662f7b5be27f65564920badf41e2bd6d2d76a35a21049602fb5c0f65b7f68dcf965c553d7eb44a466d89bcadfdcefd95493769aa1ad17710d1c49b2a3afd6885b7118321fcadf338fc9738d23acf102497ba5772b9fd470f2548fd61a899dd9d3c6768e41a0c8fe195ac3c96b1a337c8ca55e0b4b9bee94d6494825cf11b39774752712b4dd23adb0b2e23bc8ee5836fcdc73e8a4e8ff0046f5f5243ea5c211c643da3fa31a70f0242df340fa3ea1a6b3bb3eda41edcdde1e2d8fd51e36279ab648adddccdd597b8e6da329f4c6906ecc1b5153b8f79d7eca2cad72f3de7f0b36fe0b71d5cf44d490d9d524d4bf3b58b2107e106eff00c46c782e877ff9c97973d3728e6c8355b2ceca3600d680e21ad00001a001603e2585cf58eba5bd45bdc8c79bdc70f260f358a69c0cd59ad8bd27757ee6573d44a9ac6b7355d55a509708e305cf760d6b45c9e8aef446a8971dbab21dbc44d3dd1f1b87ade030f1556d4773549b30eac4934b3b64633ee86d073ce0082326fbc769a3960b765e58d00000000640600782f4b9e52ccee6a959044455242222008888022220088b1d4cc18c73ce4d6971f068b940713d72adedaa677e60ca5adf86102316fc41e7aad42a98aeda4ba189ce3773d9da13ce52e90fcdcaaea98be8610cb4e2bb1f2f3a99ab49f7256ae68d2c88d76e654c5038eed995a41bf0ef3e2f35d5e824bb41545a97a1bb6d0957181de95d2b9985fbec6b3b32071da60f259b54abbb58237fbcd69f962bcb93e392ee7bd497b38bec6c919525a5448ca931959b35449695a8eb751b98fed1a307d85f83cdef7e56175b530aacabd24c6edcaec5adda8e36fbcefe61f0bd9b7fe93c566d1639f698323621d89208201b0049070c39decabe8752abaa4ed3c6c34fb533ac7a37177c95fc9312e2e1dd37b8d9c2dc2dc14fd1dadcd07624ef0186d8dd6c2c47b5e217561e4ed962b538b1714b8e4f4e87cd13e8d6959633bdf3bb80bc4cf912e3e616e7414d142dd8863646de0c01be6733d561a7a86b80735c083882322b307a9926f7318c92d892d7af61ca3028f9ac16794be65cccd3496f15843947ed2e6e57ddb199c95d42c66e7735eadd26d6cb3b89f68347831a07d4b947d1b43535c6f1fddc3be570c0f10c6e6e3e439ab5d5bd4f6c96a9aa3b7da132b22c98048769a5fef9c72cbc56f2d6800002c06000cadc96556aa4ed13be8d37915cadd09a0a1a56911b7bc7d67b8ddeef13b872160acd1173377dce80888a00444401111004444011110055bacafd9a4a9277432ff63959287a629cc904d1b712f8e468f173481f552b721ec70ba517a7a73ff662f934055f54ccd4ad5c976e919c632e8dde7b6df9388e8bcd5b17d2c35a699f255386ac977ff674ef43d25e89edf76678f36b1dfee5afe858fecf55554d908a676ce5fc396d2c76b6eb3edd14ef43557ff99879b241d416bbfb5abeebc43d8e938651ead4425a7e3a775c79b64fd2bc5aab2d7923e8f0ef3508b2f632a4c6541a77dc051f49e996422c3bcff7787c455646a8cdac7a5c53c42c7ef243b118dfb4462ef068b9e8b4fa9a8b805c6cd6b6c2e700d6f3fa9f154b53a644933ea6675ed78a103126c7be58de17c387773c5574f3c93b8023ba48d98db8dceedab7ac7964a69d2955764675abc292bcbe44baad2265eec77116f7645fc9bc1bcf33b96c7ab9ab7b41af946cb30d86645c3713c1bf55f7416816c767cd63266199869dc5dc5dcb21cd6ccc9f8af463054a3961f33c6a951d69e6a9f05d09b1d9a0002c06000dd6595b2288c957c96a40f1e0b2c8d9ae7489af98051ccd738a8066273591b2ab2a5628eadc980a8fa4c931b980d9d26cc6db660ca43011e1b57e881eb368e6769550b77336e5770c0766c07ac84fe1549f0a6cd2971c944dbe360680d1800001e0325e9117927ba111100444401111004444011110044440111101f9f34ec0746e929e2783f6794ed8b0f61e769af6f1d871736c381596b61b58e04385dae18b5c38b4ef5d5f5f75419a4600db864ccb98a4b5ec4e6d77f49ff0772e15594d5da39ee8a46ba304e4e01f13eded0b8d93f22bd5c26278729e3637069cb32d0d9353f4b0a5ad8a471b31df7727c2fb627907069e8ba1fa57a6bd1b2a1a2e69e68e5c3dc71ece4fd2f27f0ae252699dace28efc5bb60796d595855eb9574d07d95d3130ecec1606b497372d973882e38619a8c453f5b252897c254f5317199b2cfadd66583844de24dde7c00c4745ad56e9c73c16c40806fdf77ad8fbade3ccf92874ba0e5c0b9a226fbd21d9f26fac7a057145434ecb120ccee2e05ac1e0c06eeea7a2b53c2667796a56b63f2ae1d3cc83a1342be400b7bb18c0c8fcb0dc37bbc07c96e3a329e3805a21775ace90fac7901ecb790eaa1fdb0bb33960370038003001656c817a74e8452b7f0f0eb6267277fe96ac99488e654ed90f8af6262aee95cce35ac5bbab382c625be6a031fc17a7ce0025c40031249b0006f24aa7ab48bfad722c9af52747b4cb208998bb02ee0c69c369de580ccf42444d0ba22a2aec59b50c1feab8779e3fecb1dc47b6e16e01cb7fd15a2e2a76767137645ee4e6e73b7b9ee38b9c7895e66231718f0c357d4f6709809cb8aa68ba73fc1afe90d0f245de1df6ef20623c429faab48407cc737ecb5bf0477b7ea73fa595f2f802e19e225386567a54f090a7533c7e47d4445ce75044440111100444401111004444011110044440162a8a7648d2d7b5ae69cc38023c8aca897b10d5f7344d61f46d14b7752c9f677e76746c9a33cacf1b4de86c2f96e5cdf4feafe96a4dadb6bdd18fe653805b6e243007370cee005fa0d1744313523cee73cf0b4a5cac7e5486b2f8def7df9ab082b56f5e9a340c627a39dad0c1349d8ca5a0024b9cd2d71e2767b417e6382d1f4b681ec49d895af6ff0050d977ee3e8bbe962ae8f3eb607a1321ac5362ab545abfa2aaeadce65342e9767d621cc6b1bc8bdc40bf2cd6d947e8ff004a1363146c1c5f337fd81cba16369add9c72f47557b44c51cea409c589240037eeeaafe83d18ce48335531830bb628cb9dcc07bdd61f94ada745ea2d142438c66678b77a77192c4645ac3dc69e61a0aacfd274e3e157f2261e86a927c4d2f37fbf1345d13415155634d11730dbef5e7b38adc5a4e3261bd808e616eba0f522288b64a83f68981bb491b3130e63623b91707da75cf02325b5a2f36be32ad6d1bb2e88f5f0de8fa34358abbeaff740888b90ed0888802222008888022220088880222200888802222008888022220088880d57d266857d55048d885e58cb668c0c497446e401c4b769a3c568daade8ca7a8226d225d1c6711034da47039191ed3f763fa463c4b724456526959116475ba0a28e18db142c6c71b459ad68b340e4029088aa4844440111100444401111004444011110044440111100444407ffd9),
(10, 'algún navegador ', 'explorer', NULL),
(11, 'file transfer protocol', 'ftp', NULL);
INSERT INTO `palabra` (`id`, `Enunciado`, `Contenido`, `Pista`) VALUES
(12, 'navegador mas usado', 'google', 0xffd8ffe000104a46494600010100000100010000ffdb008400090607100f0e10100d140f10100f0e0e0f0f10100d0f1010100f1411161814111514181c2820181a251b151521312125292b2e2e2e171f3338332e3728312e2b010a0a0a0e0d0e1b10101b2c2620242c2c2c2f2f2f2c2c2c2c2c2c2c2c2c2c2d2f2c2c2c2c2c2c2c2c2c2c2c2c2f322c2c2c2c2c2c2c2c2c2c2c2c2c2c2c2c2c2cffc000110800e100e103011100021101031101ffc4001b00010001050100000000000000000000000002010304050607ffc40046100002020002070308060902050500000001020003041105061221314151618191071322325271c1d142627282a1b114162343639293a2b273f0243353c2e11525b3d2f1ffc4001b01010002030101000000000000000000000001050203040607ffc4003911000201030006070704020105000000000001020304110512213141611351718191d1e114152232a1b1c1063342f052722324344482f1ffda000c03010002110311003f00f7180200802008020080200802008020080200802008020080200802008020080200802008020080200802008020080200802011770066c401d49c8412937b11856e9ac2a7ad7539f416293e026b7560b8a37c6d2bcb741f818cdacf831fbd1dd5da7f2598fb453eb36ad1d72ff8fd57981acf823fbd1df5da3fed8f68a7d63ddd73fe3f55e65faf4ee11b85d4fdeb02fe73255a0f8a35cacebadf07e067576ab0cd0ab0eaa411f84cd34f71cf28b8bc344e4902008020080200802008020080200802008020080200802016efb96b52d632a28de59982a8f79321b496599463293c45659cce92d78c3d79ad0ad7b75f52bf12333dc3be734eea2be5da5a51d11567b6a3d5fabfef79ce6335b7176f07152f4a9723fcc733e044e795c4df22d2968cb786f59edf2dc6aadc4339cec6673d5d8b1f1334b6def3b2308c1622b1d85019048ce08285a0920cd04e08a5a54e684a9eaa4a9f1109e3712e2a4b0d64da60f5af194f0b3ce0f66d1b63f9bd6fc66e8d7a91e27254d1b6f53f8e3b367a7d0e8f46ebf54d90c523547db4cec4f791eb0fc67442ed3f991575b42d45b693cf27b1f97d8eaf098baee40f4ba58a7e9230233e9d87b275464a4b28a8a94a74deacd6197e49808020080200802008020080200802008020080727ac1aed4d04d786cafb4660b67fb243da47ac7b07889cd56e5476476b2ded344d4abf154f857d5f977f81c1691d2b7e25b6b10ecfbf72f045fb2a3709c339ca6f2d9e868db53a2b14d63efe2632b4c4db82e06831c120f04609078230576e060a17827040b4138205a09c106682705b630645cc1e3eda1f6e876adbaa9e3d847023b0c98c9c5e518d4a30ab1d59aca3bbd5fd7f4722bc7015b70172ff00ca3f687d0f7f0f74eda7729ec91e7eef434a3f150dabab8f775fdfb4edd581008208201041cc1078113aca369a78656081004010040100401004010040100b58ac42548d65ac111066ccc7200486d259665084a72518acb67976b4eb9d98a2d561b6aac3ef04f0b2e1f5bd95fabe3d057d5b873d8b71eaec745468627536cbe8bcdf3f0eb3985339cb564c3418e098682304c34118241e08c15db8181b70460a17827050b4138205a060816832c102d04e083341916c982706fb5635b6ec090a73b70e4fa5513bd7a9ac9e07b381ece33752ace1d8705f68da772b2b64bafafb7cf7fd8f5ad19a46ac554b761d83a3731c41e6ac3911d258c64a4b28f1f5e84e8cdc2a2c332e646a10040100401004010040100b58ac4a555b596b044452cccc7200090da4b2cce9c25524a31596cf1dd6dd69b31f664b9a6191bf675f02c7fea3f53d9cbc4cadad55cdf23d9e8fd1f1b58e5ed93deff0bfbb4d0869a4efc130d046098682304834118241a08c120f0460aed40c0db81829b703050b4138225a09c112d03040b4138205a0cb040b41240992646d3573586ec05de72af4918817544fa3628fc98723f09b29d470794725e5953ba86acb7f07d5e9c8f6ad13a4eac5d297e1db691c77ab73561c88e92ca3252594788b8b79d0a8e9d45b51993234880200802008020080201e3faffad3fa65be6286ff0086a5b883bafb07d3ed51cbaf1e9957d7abaef0b71ecb44e8ef67874935f1bfa2eaed7c7c3ace4c19ce5b609868230483482304834118241a08c120d030576a08c15db8181b7030536e060a16827044b40c142d04e0896827040b4138224c927040b41960893049bed4cd656d1f88cdb3387b4817a0df974b547b43f11bba65ba954d47c8afd2360aee9e17ccb73fc763fa3ef3dbe9b55d55d0865750cac0e61948cc107a652c93c9e1651716e2f7a27040802008020080201cb6bde95f3741c32122cbd1831539325477120f22778f19c9755b556aadece6ad78ede519437a69ede4ff00278ab29ad8a37d1397c88ec9c7bcfa55a5d42e68c6b4374967b3ad773d84c3483a4906818241a08c120d0460a86904609068181b50460aedc0c0db81829b503036a060896924e0a16827044b4138225a06089682705339249480201e91e4af58b8e02e3ed3e1893cb8bd5f9b0fbdd04ebb6a9fc1f71e6b4ed8ff00e4417297e1fe1f71e953b0f3220080200802016f1172d68cee725452cc7a0033321b4965912928acb3c9749635b1173dcfc5db303d95e0abdc3294b526e7272650549ba927266834ee1335f3abc5464ddabd7bbe264c1f03d4fe96d23d15576b37b25b63ca5d5ffb2faa5d66951b2999f404cbb9c1915da9009068230576a060aed41181b503066e0b46e22fdf4d5638f6b2c94fde390fc6671a7296e47356bba1476549a5f7f05b4d9d7aa18c23854bd8d69ffb419b15b4ce1969ab55d6fb179b449b53b183fe89f75adf1510eda642d376affcbc179962cd57c5af154f7ed923f01396aca54b6ca12f0cfd9b36c74b5acb737e059fd5fc47f0ff009cfca72fb7d1e7e06df7851e7e03f57711fc3fe73f28f7851e7e04fbc68f3f0f51fab789fe1ff39f948f78d1e7e03de3439f87a94fd59c4ff0bfa87e51ef1a1cfc07bc6873f0f51fab189fe17f50fca47bca873f0f51ef2a1cfc3d4afeabe27f85fd43f28f79d0e7e1ea3de5439f87a95fd56c57f0bfa87e523de9439f87a93ef2a1cfc3d47eaae2bf85fd43f28f7a5bf3f0f51ef2a1cfc3d4bb86d5cc6d5625951a96cad95d1bce1dcca731cb842d2d413cacf87a984efeda71709670f63d9ea7b560311e76a472002ca0b2839856fa4b9f3c8e73d0db5c42bd25521b99e26ac3526e2644de6b1004010040395d7fc7ec5094a9df7366dfe9a647f13b3e0671de4f11d5eb386faa620a2b89c0895a548233191e07718328c9c5a6b6347298ec39aac29cb8a1eaa7e5c26f4f28fabe89d20afada357f96e976afc3debc3816d1e0b44cbb0642008066e89d19762acf3742e646f663b9107563f0e26650839bc239eeaea95b435ea3ec5c5f67f707a2684d4fa2801ac1e7addc4b3afa20fd54e03de733db3ba9dbc63bf6b3c95de98af5f647e18f52dfdeff00f88da5fa428af716da23920dafc787e33b616f397029257108f1314e9b5fa287bd80f819b959be2cd4eed7045469a5e687b9c1f847b1f3215df5a3228d2743eecf60f47190f1e1354adaa4799b637109722e6234723efcb227832f3f9ca9bad1b42bed6b12eb5bfbfafbceca771386eda8d55f846acefe1c88e06794bcb3ab6b2c4f73dcf83f27c8b3a55a3516c201270eb1b490491ac090498eb0242b98b90262a33075102e0aa60ea024104c7598371abf7ef6acfda5fc8fc27a9fd3775b6541ff00b2fb3fc7d4e0bd86e9f71bb9eb0e010040100403cc35c319e771b674ab2a97eefadfdc5a54dccb5aa3e5b0a4bb9eb557cb61a79ce730824d7e99c1f9daf35f5d3365ed1cd7bfe026717865de81d25ec773893f825b1f2ea7ddf66ce615e6d3e9d92fd7672320cd32ec1919da1b45d98bbd69ab767bddc8dd5a0e2c7e039922670839bc239aeeea16d49d49f72eb7d47ac60b0746030f92fa15a6f663bd9d8f33d58ffbdd2d2952dd0823c15dddceb4dd5aafd39239ed25a6def242e695f25077b0fac79fbb84b5a56f1a7b77b29ead794f66e4612b4de692e07918054bc6016d9e4832747e96b283e8fa49ceb277777433554a11a9bf7f59b29d694376e3abc2df5e26ada4de0ee653c54f43db2a2e6d934e9d5594ff00bfdea2ce956cfc506605f8428d972e467cff0049594acea6abdb17b9fe1f35ea5d51acaa473c4a0aa56399b8904131d660948020080201770776c5a8dd1867ee3b8fe13b2c2bf41710a9d4f6f63d8fe86bab0d78347593e94528802008042eb022b3370552c7dc066643785921bc2c9e36f61762cdc5d8b1f79399948de769e75bcbcb13120412201cae9cc279ab7697d4b3361d037d21f1ff00f26e83ca3e8dfa7748fb4dbf4737f143676ae0ff000fbbacc156991e8932fd76f5f190cd917c0f60d46d07fa36194b0caebc0b2dcf715197a287a640f8932c6853d58f3678ad2d79ed15da4fe18ec5f97dff006c1a2d60d2dfa45a429fd95648ac726eafdff94beb7a3d1c76ef6796af5ba496cdc6b95a6e349743c8249878036e0112f1805a66924195a234a1c35c1c6650eeb147d24f98e226bab49548e0d94aaba72c9dfe22a0e8190865750f5b0e04119833cce91b257346549efe1c9afee1f22ee855d49292ddf83553e6cd38bc3de5c89048802008020113241d6606cdba91baa0cfdf96f9f4bb1abd2db426f8a5e3c7ea52d58eacdae65f9d46b10040357acf6ec607107ad2cbfcde8fc66aaef14df61a6e1e294bb0f29594e511212082b0488063691c20baa643c78a9e8c3819945e19dba3af6567711ad1e1bd75a7bd7973c1c59cc12186441208e84711379f55a7523522a70794d653e4cdc6a9e07f49c761e93bd4d9b6e3aa202ec0f61d9cbbe674e3ad348d37b5fa1b79cd6fc6ced7b0f64d71c5fe8d816037598822a1d42904b7f6823be5e5a53d7a9d9b4f9edd4f569f6ec3cd95a5b95792eabc824987918249078036e0142f180419e4e082d3349c1193bff27f8df3d86b286de686053b11f323c086f112aef69e26a4b8963673cc5c7a8c8c757b3611d77f7f39f34d3b6ea95e36b74be2f3faa3d0dacf5a9ae5b0c794e7488020080201133240e8f413e7401ecb30fc73f8cf79a067ad6715d4dafae7f2555dac5466c25c1cc2008068b5ddb2d1f7769a478da9345cfedbeefb9cd77fb2fbbee798acaa29498989056091004039ad67c16cb0b978364b67637d16efe1e137537c0f69fa6348662ed66f76d8f6715ddbfc7a8def91ca36f49313fbbc2d8dde6cac7e59cebb75f1f7171a6a58b74bae4becceb7ca8de7ce6193904b5fbc9503f23e33d068f5b24fb0f0b7cf6c5769c52bcb0c1c24c3c82724c3c8c13925b718191b71819225e303244bc9232419e3041d3f936c4118e65e4f877f156523e3e3392fa3ff001e799d7652ff00931c8ecb4fa64ea7a83f09f3bfd4f1db4a5fecbec7a3b27f32ec3573cb1de2008020143008999a06fb570fec9bfd43fe2b3da7e9d7ff004d2ff67f6456defcebb3ccdb4bf38c40100d0ebc8ffdbeefb54fff00324d173fb4fbbee735dfecbeefb9e62a6553298b82418959048802016f114ad88c8fbd581064a783651ad3a3523520f0d3ca2e791ea8d3a5b114bfadfa1be47a816d7911ef0739616cf32ee3de5f5cc2eaca15a1b9bf078795dccdff009545cafc33726aac51f75813fe427a1d1efe192e678fbff9a27121a581c39261e09c920f2304e4aedc60646dc6064a178c0c912f2704648968232747e4f58ffea0a470153e7ee2557e338ef9ff00c5de75597eef71e83ac277d7f7fe13e79fa9e5fb4bfdbf07a6b25f33ec34f3ca1de200802014308106336206fb56ff00e53ffaa7fc567b3fd3bff6f2ff006fc22b6f7e75d9e66de5f9c6200806a35b2bdac062074af6ff009086f84d55d669b34dc2cd291e50a654b28d9744c482520810488020195abcc2ad2585bc6ef49b0f6fd6aed192f83ec9f7673a6da7ab348b6d1b77ab095bcb74b6ae525e6b676e0eafca8e04be0d2e51bf0f682dbbf76fe89feed8f09e8ec6789eaf58be8660a5d47968796c55120f0090680576a091b500a6d41050bc0205e01db7939c21caebcf365a93eeef63e257c2565fcf6a8f7963610d8e5dc75ba72ddab72f6140ef3bfe53e6bfa86bebdd6a2fe2b1def6f91e96d238a79eb35f288ea100401008992816d8cdb140e9357572a33f69d8fc3e13dc6828e2d13eb6fcbf055ddbcd43672e0e5100402ce328165565678595ba1f73291f19125958224b29a3c55411b8ee23711d08e3299a3cfb45d5331312624105641220080201ea3a2f135e3f05fb4018595b557afd6cb261d99e798f789776f5b5929adff92f294d56a7b7b19e2fa7346be0b13661ecde50fa0dedd67d57ef1f88227a2a555548a9229ead374e4e2cc2164da6b242c804bce401e720143640226c805cc161defb529a466f636ca8e43a93d80664fba6139a845c999420e6d456f3d8f46e0d30987aeb5f56a5199e059b3cd9bde4927be79bbdbb8d384ebd4e1b7c97e0f41428e12a7130ec72cc58f16249f799f2fab565566e72dede4bd8a515844660642008050c20458ccd205973374503b0d155ecd158fa809f79de7f39f41d1f4fa3b5a71e4bebb4a6af2d6a8d9953b0d420080201e47ad584f318ebd78067f3abeeb3d2fccb0ee9575e3ab3652dc4356a346b94cd0ce72e033120ac820ac12200806df56b4d1c25d9b666ab321628df974703a8fc44df42b7472e4745bd7e8a5b773de74dae1a02ad214aba901b673a6e5de0123767d54f31d92f6dee1d3795b532ceb528d68fd99e3fa4f017616c356214a30e1cd5c7b4a7989730a919acc4a99d2941e24630799e4c30576e324606dc6460a6dc6460bb83c3d97d8b550ad658dc1546ff0079e83b4ee98ca6a2b2cca3072785bcf57d52d584c0d65ec2af8875fda3fd145e3b099f2ea79e52a2e2e1d5785b8b6b7b754965ef333118c1681b1ea7107dae8deee93e7fa7748f4f53a183f863bf9bf4f3e45e59d3c475df1fb7a966501d82008050c0284cc9205b633645029455e72c44f6980eecf79f0ce765b51e96ac69f5bc79fd0c672d58b9751db813e88b614656008020080711e52b47e6b562547a87cd59f65b7a1ee398fbc2725d436291c37b0d8a470a8d381a2b59754cc4c498320825208104880201b8d03a7df0d9a303650dc6bcf7a9f690f23d9c0f6719d146bba7b381d342e654b66f5fddc74d65584c7d455825f5f1d96193a1ebd51bb44b6a35ff00953659a74ebc7ace474a7935cc96c1ddb3c72aef0481d82c5df97bc1f7cb085f7f9af039a763fe0fc4e7efd45d24877549676a5f5e5fdc419d0aee93e3f439dda565c33de529d46d26c7234aa76bdf4e5fdac4c3bba2b8fd02b5acf87d4dee8cf266e4838cb940e6940249fbee377f299a677cbf82f137c2c5ff0037e076585c1e0f46d27602509f49c925ec23a93e931ecf095f56b397c53675a8d3a31ea39fbf4d3e91b7ccd40a6157d2b49dcf6af256e8a4f2e633cfa4a0d2da45d1a2f577bd8bcfbbc88b74eeeaea7f05b5f3e5dff6c9b89e18f4a200802011264a408319b1205a669b6281b4d58c3ed58d61e08321f69bff001f9cf45a0adf5aabaaf74762ed7e9f738ef2788a8f59d3cf5456880200802018da4f04b88a2ca5fd5b10ae7d0f261da0e47ba6328a92c3319c54a2e2cf17c450f4d8f558327ad8a30ed0788ece72aa5169e194938b8bc32aad3066b65d0662412064104a4102091004025558c8c190b2b0e0ca4823bc494da7944a6d3ca37584d69c426e7d8b47d61b2de23e53a6177516fda7542f6a477ed3635eb82fd2a987d9b01fcc09b95eae3137ad20b8c7ea2dd72403d1a9c9edb147e40c9f6d5c112efe3c226a71bae5886dd52d7576e5b6c3bceefc260eea6f76c354af66f76c39bc6626cb9b6ad67b18ee058963ee1d3dc269726f6c99cee529bdbb59d9e83d1ffa3d214faede9587eb1e5ddc278cbfbaf68ace4b72d8bb3d4f5d636decf4945ef7b5f6fa1b09c4768802011264a408b199a40b4cd36c620b2edc86f27701d4f49be31ea076ba2b09e66954fa5eb3f6b1e3f2ee9eeec6dbd9e8461c77bed65356a9d24db32e759a8401004010040383f28fa178632a1c004bc01cb82d9ddc0f7749c9734ff92386ee97f35de70c8d389a2b9a2eab4c706382e0331209832082b0415904880200802016ec325031de6c4648daeace8ff39679d61e8d67d1edb3ff001c7c254e97bae8e9f451df2dfd9ebe65ce88b5e927d2cb747776fa791d6cf307a6100a672414264a4081699a40b6cd364620b2ef374620daead607ce59e7587a159f47eb3f5eefcf297fa1ecf5e7d2cb7477737e9f7ec392eeaeac7516f7f63ab9ea0ac100401004010040216d6aeacae032b02aca4660a91910443da4359d8cf20d69d06d81bf646669b3334b9dfbb9a13ed0fc46465755a5a8f91535e8ba72e46ad1e6868e768bcad31c18e098698e08260c820ae700ae72082b0041220169ccc902dd7533baa26f66200913a91a707396e46da54e5526a11decee305865a6b5ad7828e3d4f33e33c657ad2ad51d49713db50a31a34d538f02f673560dc509938044b4948102d33510419a6d51059779b63104b03856c4582b4f7b37255e66775a5acabd4508f7bea46bab51538e59dd61a85ad151064aa321f3f7cf694a946941423b914f29393cb2ecd86220080200802008020185a5f46558ba5a9b866adbc11eb230e0ea79113194549619854829c7559e3da6b455b82b8d570edaec0085b13da1dbd472f026be74dc5e1953529ba6f0cc5479a9a3560baaf3168c705c0d31c118261a46082a0c10573903057380098059266449bed5ac1640dcdc4e6a9f679b77f0eeed943a5ee759f431e1b5f6f047a3d0d6988f4d2e3b176717dffdde6f7394b82f4a16938044b4c944102d335105b679b144169ec9b6310470f53dae2bac66cde007324f213aa8509559a8416d7fdf0319cd41659dc68ad1cb87af6577b1deefcd9be5d04f61696b1b786aadfc5f59515aaba92cb336751a840100401004010040100403074c689a71951aaf5cc1deac3732372653c8cc6515258661529c66b0cf24d62d5fbf0166567a7531cabb947a2dd8decb767867386a52712aead19537b771ac4b26968d25d5b24608c1703cc70638261e4608c150d230304b6a304117684860bb81c39bac541c38b1e8a389ff007d669b9aca8d373f0ed3aad2d9dc55505bb8f61d8264a005dc00000e80729e4da72797bd9ed63151492dc8168d52489799288205e66a20b6d64d8a00b4f64d8a00b981c1d9887d8a87da63eaa8ea4fc2765b5aceb4b560bbf8230a95234d66476da2b46261936537b1f5dc8dec7e03b27aab5b485bc711dfc5f595356b4aa3cb33a751a84010040100401004010040100402de2284b1192d557461932b00548e84190d67790d26b0cf3bd63f27ee84d9a3fd35e26866f497ec31f58761dfda6734e87189c156d1adb0f03877da46296064753932b295653d083bc4e67138dac3c326b64c7041705923046090b24606090791823045ac84860e9b4261fcdd7b4debbe44f60e43fdf59e7efeb74b530b72feb3d5e8cb5e8696b4be696deee08d81b2716a16444d9254010364cd4016dad99a802db59c8713b80e64cd8a00dde8ad5bb2dc9b119d69c767f78dff00d7bf7f64b7b5d1539fc55362eae3e9f7392addc63b23b5fd0ebb0b864a90254a154721f99ea7b65fd3a50a71d582c22ba53727965d9b0c440100401004010040100401004010040100d6e98d0586c62e589ad588192b8f46c5f738dfddc26328296f35ce9467f32385d2de4ded4cdb0560b179576fa0fee0e373778139e543a8e39d9b5f2b392d21a3713863ff001355b57d6643b1dce3d13e334ca0d6f472ca9ca3f323116e9860c098b646019da229f39666dea264cdda792ffbe9396f2af474f0b7b2c746daf4d572fe58ed7f8474de7a50ea1ea8a1b64ea0206e996a02787aacb4e5523bfd95240f79e026da742753e44d98ca718fcccdd607556e7c8decb50f647a6feeddb87899674744d496da8f1f57e5f739a77915f2ed3a5d1da1e8c3efad736f6dbd27f1e5dd94b8a1674a8fcab6f5f1fef61c352b4ea6f667ce935080200802008020080200802008020080200802008020142201a9c6eac606eccd987a493c5953cdb1fbc991983845f035ca8d396f46a311e4eb00deaf9fafec5d9ff98698ba31353b4a64f0ba8b454bb2965d9664927cd924f6fa338ab68d85596b393fa791dd6d57d9e1a9145e1a9d573b2efecf94d7ee8a5fe4fe9e4747b6cba917abd52c30f58dadef703fc409b23a2a82df97dfe583177951f519d87d0585afd5a90f6b82e7fbb39d10b2a10dd15dfb7ee6a95c5496f66c1540190c801c00dc275258349580200802008020080200802008020080200802008020080200802008020080200802008020080200802008020080200802008020080200802008020080200802008020080200802008020080200802008020080200807fffd9),
(13, 'combinación de software y hardware', 'internet', 0xffd8ffe000104a46494600010100000100010000ffdb00840009060714121214101214141414141514141410141515141510151414161615141414181c2820181a251c141421312125292b2e2e2e171f3338332c37282d2e2b010a0a0a0e0d0e1810101a2c241c242c2c2c2c2c2c2c2c2c2c2c2c2c2c2c2c2c2c2c2c2c2c2c2c2c2c2c2c2c2c2c2c2c2c2c2c2c2c2c2c2c2c2c2c2c2c2c2c2c2cffc000110800c900fa03012200021101031101ffc4001c0000020203010100000000000000000000030402050106070008ffc400431000020103010408030506030705000000010203000411051221314106071351617181911422324252a1b1c12362728292d1a2b2e1081516333443836373a3c3f0ffc400190100030101010000000000000000000000000102030405ffc40026110101000202020201030500000000000000010211122103314151136171f022325291b1ffda000c03010002110311003f00e602b35eac8af5583c2a605600a90a12c815202bc054c0a61e02b38af0153029c84c01520b5202a4055122054b15202a41698da005642d102d482d32d85b359d9a2ecd676282d85b358d9a36c57b6681b0366b0568fb3582b40d8056b18a315a895a47b048a895a315a891418245448a2b540d4d8619150228db07bab3d837752d0d9722a245362d0d6459d1c68dc238af6cd59fc38af76228e2392aeb2057854854a9915202b005114532640ac815e153029c84f015302bc054c0aa2600a985ac81440b545b440a985a905a985a0910b590b440b59dd4121b359d9a201e0688b031e54c17d8af6cd3a960e68e9a413c73482a4ad44d5fc7a378530ba501ca96e06afb04f235916cc7956d634f03957be100a3706dab0b063531a656c86114364a06d4434d03954be0855948e3bfd06ffc050f658fd28c7d303f1a6644db8158318ab11a74adc82fe3531a29fb4c7d377e54b7094ec00a1161cb7f90cd6c0ba420e59f1344f8551c00a361ac48ad8c853ebba81f3f70fc6b699630462aa1ad8e68395ad28a90ac0a98aca3465454ea20d4c1aa2480a228a8aa9eea3240c6aa122051051a3b1269c874ef0a65b20a68aaa4f235710e9b4f43a78a3696be96ec795351e9cc6b638ac45391da8a9b9c0d6e2d1fbe9e87471dd57e908a32c753733d29a2d28775349a781caac82540cca37641f01bcfb0a9e569e8b2da0eea97602985da6fa6363e27e51fdff0a623d2e76e4abee4fbff00a54f2fb1a5718e8529038903cc8157abd1d3c5dd8fae07e153b0d32d98b76651ca9c36cb2b1538ce1b1c0f9d4fe4c4f856b06407e90cde40fe6775785a4adc131e2c7f414e7483a57059dd43646272f2f67871b21156490a649ce4904138c56d823147e6fa3fc6d2d74295bea6c7828fef455e8e27da25bcc935b548b4b39147e5b4708a54d2e35e0a2b2d001c0521adf4b2082616cc58ccc5408d54f17385cb1c28e3df54fa1f4dd2e677b768da2619d90e465cae76d48c7cac31c3279f751cfbf638b61702abafef638feb755cee1b440c9ee0399ad17a55d24b9b7be601c9894a32c5f280cac83209033c76b8d03a7972255b6ba8ce41dac1e60fcac01f1043517c9a97f4130ee7eadbacf5c8672c2270c538ee238f7646f15436bd2adbb86b774d8c16553b59da652460ee18ce37557ebd62d6ceb7f00f95b06451c3e6e67c1b3e8706a96ea213dcb18ce0c8bda46781db00120f71cabd2cbc994ebe77fed58e12f6d8b49d4643793432316032506000a32081bbc187b56c7b15cff4abf2d7913b6e6236241c32d82bfa2d6ffb75af872e52fee8f263aad25613464b5a7921a6123ad66239128ed2998ed29b44a3a2d5693b023b5a6e2b615341478c504cc500a6a3885044ca3891e5cfda8d14c4fd2acde981f8d2a46a34a611687059ccdc142f9e49fd2acedba3eedf5bb790f97f2acb2ca4f755252db407120799c5492e07205bf8413f8f0abdb4e8e46bbc8c9ef35716fa722f002b2be5c62e615aa430cadf4c78f163fa0fef4fc1a24cdf536cf828fd4e6b6b8e10395182d637cd7e173c6d761e8ca7dacb7f1127f3ab283488d7828ab1ac8acef932aa98c8025b81caa7d9d4e46c0277ee04ee193bbb873ae7ba7f5b7673ddc56912ca44ae2313b85440cc0ece06768e5b0bbc0e353baa6dbd22b3ed6da78befc32a7f5211fad725ff0067d9ff00eae2e5fb0703cfb456fc96bb6bae45708ea54763aa5d5b7211cabeb0cea07e05a9ca04ebde3ecee6cee071d9700f8c4e8e3fcf5b174eba732d8767b16dda24abb4b3b3e136b8942a06738c1e238eee785ffda06d736b6f2fdd9f633ffb91b9ff00eb157b63a547a969304730c892de23b438a48a806daf88607f11ce990526b22f74e927b666567865d920e1e29021f97238306e7e44571ae87f4ba4b6b9ed257778e4c2cdb459db1c9c64e72a49f426ad7a3d7f2e8f7b2595d67b172164fbb83b9274f0c71f0cf35c557743f425ba6bbb224768136e29390789f6739fba76f07c0f8556fd686b4b0eb2e4097f05c0dea6389f686f0762463bbbf76cfbd59f587d1b65c6a16ff2bc78693678e1784a3c4637f8795683aadc4bb296d3021ad8c89f37d4a091f21f0041c781f0afa034d225b78db8878d1bcc3283fad563acb69bd69c4753d4d2ea6b69980c90b14c9cb21f0c478157dddde94b6bb6925b6d5a3e4c7b424898f9104fb1c11de2afba55d03992e0fc2c65e3932ca01004479a924e31bf23db956e9ad74652ee245972aeb83b6b8da5240db00f71fd07753985bbfb1ca4d12e8f22cf651060181895483bf381b273ec6b4bff008726b7bd4ecd19e30c1838e0109c3063c01009f3ae97a4e94b6d12c299d95ce0b1c939249cfa935399471adb872937ee3299eadd34dbee8a079d6e15b6304332819da6539046fddc37d5ef6345b9bb55e7e82913a97856f8e1277136dbed4eb4406a3158c8dc4e3cb753d068c38b6ff3df560a89d7bf3e5bff002a346cc7e943ebbaada0b18d7baad6d214e2306a6e5a250c1612b772f90fef5676dd1f27ea24f99dded5790a0a7235acef92aa42167a122f2156f05922f21538c56afd656b135ada76906016708d27131ab03f328efc8033cb358e59df95cc5b3d9ea70b4cd6caea65450ef18de5013819ee3c37788efaba8d6be6ceaf75bf86d4239647c2c85925773ca4dfb4cc7f7c2924f8d774d33a67693ca6de0944b28467d9407042e320391b24efe46b0deda6b4d4bacdeb19ad99ecad722600769311ba1da50404078be0839e033ccf0dc3aafd67e2b4f8246259d57b29093b44bc5f2e589de495d96fe6ae09d3ce90a5fdd1b8489a2f9150866059ca93f31007ca7040c6ff00a697e8f5c5f3e6cec9ee3e726430c0ccbb47014b31523763646f38e1536ab4faaefefa382369a57091a0cb3b6e0a338dfea456a965d6869f2cc614958e239243294291e225da6196c313b218ee1c14d17a2da3cf2692b657ebb12186481c16563b0769636ca9233b2579f115f32de5bb4523c4e30f1b3230ee6525587b83483a56bdd6bdfddca52c15a28c676552312ccea3ed3e410bcb728ddde6abf46eb6751b793f6ce2e141c3452a2a30c1de03a8055bcf3e55da3aafd222834db6ec94032c31cd2381be47910312c789c6703b8015acf5e7d14496d0dfa281340576d80df2c4c4290dde549041e40352d9b79e8af4861d42dd6e603f29dcc87ea89c63691c722323cc1079d69d0f5396bf12f74f2cc73334a912158d63cb6d05da00b1c1e0411c05691d406b063bd92d09f9278cb05ffd48b7823cd0be7c877577ad46fe282332cd22451ae3323b05519dc379e64d1e808cbbab82f4707c3f4a258f94935c8f4911a61f8e2bae747fa69677d2c90dacbda344a198ecb28209d9ca96036b071bc6ede2b9274ab36fd288a4e524d687c848890b7e4d440debaeab6dbd2a66c67b3685ff00f95549f67358ea76e36f4a8013928654f695c81ec56b63e9b69ad716175022ed3bc2e11777cce172837f881541d52f476e2c6cda1ba0aacd3348a81839456441b2c46ece549dc4f1a708bf59dd0b17f06d463171102623c36c713131ee3cbb8f99ae67d52e997097c24304a23d8963791919550e338248e3b4806057d0d22d2af18aa84e79d2deaea2bd9d672ed11c625d85199718d9393c081bb383918eead8b4fb058228e15cecc68a8b9de70a00193df8156b712aaf1354d79aaa8fa77d6b8cda2d4e65155f7572abc48a42ef5076e78f2aab94e6ba31c3ed95c8cddeabf747a9aa8b9b966e27d2a720a5dc56d24892ef43c515ea14c2ee35ac5f06ecdf60e1b64ecb71c36371c1f1c54e3a332e454d11c6aef529a4cf6923b781638fe9e15d33ab5bddbb6084ef8d993d3ea1f8363d2b9cf486d7b3b995396d161e4df30fce9fe8a7483e13b6c827694155e45c1c007bb737e15e7e1971cfb74e5378f4ecd3dfc710da91951471662147b9aad1d3ab20764cebe8188f70315cb62d3af7526ed705864e1d8ecc6be083bbc81f1a575ce8ecf69b26651b2db83a9ca93ddde0f9d5e5e4bee4e93309f35f41697a8c73a6dc4eaea7ed290467bb773ae5fd6cea175f11f0818982444758d5012c41de0b6324864ceeef15adf4035b6b5bc8f79ece5658e45e4431c2b1fe1241cf767bebe845841f9b0338e3cfcb353be50f5c6be57aec9d57757db26df523719ca875891377cea432bb93bf89070388e35cd7a67a67c35edc438c2890b26ec0d893e7503c8363d2baff00513aaf6966f6e4fcd048703f725cba9feaed3dab38ba8758dd5f5b258dcdcdbc416756370cfb4c49018b4a064e02ecb31c01c85728e81eaff097f6d39385120490e703b393e4727c836d7a0afa9ee20574646195652ac3bd58608f635f236b7a735b5c4d6cd9cc523c793bb215880dea307d691c7d88a3757cdbd7668bf0fa93480612e55661ddb7f4483cf2bb5fcf5d1342eb6ece3b08649e466b85454920442646741b25b270b838dace79f7eea875e7a6adce9d15f478610b2b871bc3437002e41eedaec8fbd205fa96e9e426dd74fb99163962c885a4215668c9c850c776da938c7318c670717bd6df4b2da1b09edfb4479a78cc690ab06601f717603e950327278918ae13d09d123bebb4b392468bb55711c80060b205da50ca7195382300839237d746b5ea164dbfda5e204cef29131723c8b601f7f5a2e8283a8ad29a5d4d6700ec5b4723b372cc88d12a9f13b6c7f94d77be9668c2f2ce7b438fdac6caa4f0571be36f460a7d2a1d14e8cdbe9d00b7b75c0ce5dd8e5e56e1b4edccf80c01caaee95a1c9bab5eabae34fb85bc9ae13682ba35bc4a595d5c70691b1c0856dcbc546fade6fba256935cadecb0ac93a2aaa3b12420462ca426767393c719abe34196e1471347b0c914372052771a8770f53557733b37135730da6e47eeb5055f1f2aa5bcd4d8f0dd5096939456f8e1233b916b8909e27348cb4ec94a4b5bc6549482969053331a58ab37d23d4ee1fdcd6912564a54efe033e5c3deac8d98fb473e1c07b7f7af32e2ab66acf862789f41fdeb1f0ebf747b538f42a60f474c252f1d311d4d273beb1ad36658e5fbea54f9a9cfe4df856ab6e8199549c02c013dc09c135d2bac1b3dbb62e38c6cade9f49ff367d2b98d79fe69acdd5e3bbc5f436956ca88aaa000a0000700070155fd3bd33b6b294019655ed17bf693e6dde6011eb45e8a5f76d6f149cd9149fe2c61bf106af244ca907daba2f7194e9f3557d33d10d47e26d619b9bc6a5bf8b1871fd40d7ce5acd918279613ff006dd94679ae7e53ea307d6badf525a9eddbc96e4ef864c81dc92e48ff0012bfbd72e3d5b1b65e951d78e95b32c17406e753131e5b487693d4866fe9ad67abae96ff00bb6e1a475678a44d8744c6d641cab0ce012378e23ea35de3a4bd1f8efa06b79738382ac3ea8d87065f1e3e848ae7107524c5be6bb1b19e509da23d5f00fbd167625e9b7f407ac95d46ea5b631888040f002db4d2052449b47867054803906de6abfacdeabe4bd9fe32d19048c0096390950e54615d5803bf00020f7035b4743ba0769a7fcf1216948c19e4219f07885dc020f2033cf35b70a8a6e11a1752170ec0ddcd1c49bb2b166491bbc6480abe7bfcabb0b746a216074d5daec8c2d029662ec032900ed1e609cf70c0c600c55d2d78b8a46f8e61964b4b80e3e59ade50707ecc90bf03eab5f60e997cb3c31cf19ca4a8922ff0ba861f9d6b7ff0969eb7125dfc34724d23f68cee36c06e39556f954e77e40ce6ae5ae8f01b878556b65b737eb27a5d7f617f125b94922b85509048a0e250db0c158608c868f89c649a18eb765b7223bfb29addf864ab60e389018038f2cd43ae4d2ccb6c6619da888901e781b9b7f91cfa5743e88ea69a858413b857ed631da2300cbda2fc9202a7f795a9dfe9d09db5bd37ac8b6b9c0599727ec13b2dfd2d835751ea28dc08a4b5beaaf4db8c9f8710b1fb76e7b2c7926f4ff0d6a577d53de5be4d85f923943700800776d0da07fa4554cb1fa2b8d6f864079d05cd7369ef759b2ffa9b369501ff009b07ce31de7636b1ea1689a7759903fcae4c6dcc38c63d46ead271beaa2cadee4a525a42dfa45149f4307cfdd20fe3c0538885f7960a3b9779f56fed5ac9a4159dc0e3edc49f214030bb72d91de779f6ab658157801e7c49f3342929cc8b4ac166a37f13de77fb721509453725292d5ca82b2d2d25312d2d255c22d250a8b250aacce446998e93b76dd4dc753490d52d44b13c67832b2fb8c571375209077107047711c6bbb01915a94bd01592792469084762c1140046d6f3f31cf3cf2ae5f36172d69b78f293d9bea9efb6a07889df1bee1dcafbc7e21eba2c75ae747f4186d41ec9364b6369b2496c70c935b0c669c9649295bbbb8d4f5beaf23bbba370f232ab2a868d0005994633b4738dc1470e55b4f467a336f640f611ec96c6d392599b1de49fc29e8cd32920159d917b3f19a650d5436a0abce82fabfddf7353c2d3e51b20900a1c9a828e79f2ad64ddb37134447a3f1fd8e4ba7d449e1ba86662789a411a8ead4b8e86cc86a95015aa61a96810d7ed04b13a119041047782306b4fea2750313de69721df0bf6d18277952423e0721ba26fe735be4dbc115c9b53b8ff00776b56d799d98e53d94c780d96f91998f80656ff00c74ecde272eabbde6a26b00d609ac568b0aa7d67a356b75ff516f14a718da641b63c9c7cc3d0d5c1350634c9cbf54ea7adb25ed269ed5b96cb1751e8486ff1550dc746b59b4c98de2bb41c06761f1e21b1f99aecee69696af1b67a2ae29ff1c4d01d8bcb79a139c6594ec9f2240cfa66ae2c7a6104bf4bae7bb383ec77d744bab7560558020f104641f306b4bd77a0961202c6258ceff9e23d9e3c703e5f715be39d67718c8bf46e0454646cd72dd40f63308ac2e649f1c4101917ca4ce0fa003c6ba1e9acdd9aedfd5819f3e75ae194c91963a16434b4868f21a5a435b46603d068ae683546358be453e954da649baad91a95072334d446ab7e200e7506d4c0e1bea3885ea3d10de2af135ac36a0c7c2a2b213c697e33db647d63eed05afd9b9fa0aa846a6236a38485bab147a6236a4236a6636a9b0cfc6d4ca35211b51d1ea2c5cab046a32bd20b254e39cb7d00b78f05f7e7e99a8b0f6b00f5e3703381bcfdd1bcfaf77ad0e2b427eb6fe55dc3d4f134f428aa300003c2b3ba504903b713b03b86f6f7e02b44eb5fa3eaf68eeabf3a7ed036f2c76788cff096ae8bb755dad421e36077e41a25ef4751eadb5cf8cd3ade6272e13b3909e2648be4627cf01bf9ab6726b8d75317a6daeef34b63bb3db443f870adea50c67f94d7622d58d9aabdb24d09dabccd4166a72061da9595f14491ab9a75b7af5d5bc68b6e19237c892e57794e4107352779cfb6fab895c74b7a6d6f64365db6e5fb30260b9cf0cfdd1e27d335ce2f6e2f7536fda930c0784099f9872db3c4fafb0acf4474489bf6c4f68edf31918e4927891e3f8d6f315baa8dd5d18f8ffc99e59ebd28f49e8fc70ae0281faf893ceacd8628f21a5646ada32b42734b4868ce696735a104e6859a939a1e699ab74fb9d914eb5f13c2ab54d150d066bb52789a9a1a5d4d154d3232868e8695534646a40e46d4c235248d4747a447a36a6637aac138ce389ee1bcff00a539042edc7e41eedfd85458677b70389c7ebe5df4784bb7d2303ef37e8bc7f2a8dadb2aefc64fde3bcfb9a7d1ab3b552270590e2c4b9f1e03c870ab18ce29247a2ac9595dd690f2bd483d241ea7da5468f66fb4a1cc7208a0f69513251a1b72ae96c86c353b5d406e5570b26efb2721fd4a338f415dc63981008390781ef15cabacbd37b6b77c0cb01b4be6bbf1ebbc7ad5ef557ae7c4e9f164e5e2fd83ff00e303649f34287de979277b3c6f4ddd9e82ef5067a5ae66c026a643d88f2521a8db24a8d1ba865604329190c0f222b8ee9dd64ce97524f265ed649080807fc951b94a78e3191cce79d757b0d4d278d658d83230cab0e07fb795563d95728d77469b4997b68769ed18ef1c5a12791f0ee3cf81df82763d235a49903290735b95ec4aea5580208208232083c411cc5727e90e81269ee6e2d816b7272f17131788fddf1e5cfbeb6c72e3fb7fc459cbf76e8ef4bb9aa9d1f5a5994107fd3c0d58b3d744fb657a4246a5dcd4dda80e6ae08831a166a4e6879a02ad4d114d041a229a0c75345534ba9a9f68071a08d29a2abd291ed37018f13fda9b86d47163b5e7c3da809c7293f482df97bd3b0da93f51fe55ddee78d7a2dd4c2b52a0d5bc6abb8003ca9c46a411e8e8f59d80fa3d1924a4124a32bd458729f59288b2522af445929695b3c24a976949092a5da54e8f66fb4af19294ed2bdda51a1b0b564db422b44eacef7e1350b8b23b9251b718e5b4996000fe12dfd15bdcad918ae61d31cdb5d417a9c63719c7300e71ea3687ad2ce7f4efe8f1bde9dc8c95abf581aa761633b838250a2f78693e404796d67d2adaceec3a2ba9cab00c0f782320fb1ae77d6e5e6d8b7b41ff00764da6c7dd4ddbfd5f3fcb51ad454f6a9e8d686af6ca18672b920fef6ffd692b3bc9f499895cbdb39f9e3cfd3fbc3b9bc79f03c8d6e9a3c7b3181e150d52c96452080735d17c72cd7d3399f6bfd2f578ee23596360cadc0f77782391f0a9dca861835c955a6d36532c596849f9e227763bfc3cfdeba1e8dadc773189233907711cd4f3561c8d463ef57d9e5f6d27a49d1d7b473736a3f67c64807d9ef2bfbbf979706b47d69655041f31cc1ee35bb4d835cf7a49d1f685cdcda8c73784706ef2a3f4f6a7378773d7d16e65d5f6bf67a139aa9d0f5413264711b88ee3564c6ba25966e26cd22c6879af31a866a82b41acf69cb9f70a8a424f13e82998900e1526c246c7f747b9a6a1800f13de779a88345534f44610d195a9556a2ab504691a8e8f49ab5155a80755a8aaf492bd195ea744755e8ab2522af44592a6c33eb254c494887a2092a740e892b3da52624acf694b4673b4ac7694af6958ed28d03464ad53a6b63dac2e071c64798de3f115b019293d4176948a731f81295eac358ed2cc46c7e68498f7fdde29f81c7f2d6b7d209fe2355238ac08a83bb2464fe2e47f2d29d1cbdf84be9633b925527d46581ff38f5a8f44732cb2dc37192466f724fe64fb56384dd93f9d35bf35be4070a0579de87b54367aead302f7d6e1c6fad2a6825b197b783e9fb717223ffdede55bc3bd25770861bea72c394563968e68baf25ca6da1dff00694f153dc7fbd54f4db56ece2d84ff009927cab8e23ef1fc71e6456b77d6525b49dbdbee3f693930e7bb98f0f6a1da4ad773f6ee30aa02aaf103bff33efe158dcb2fecf9fe76d2633dfc2df40b3ece303dfc4f3ab3635151818a8b1ae9c66a6a33b76c31a8e6b04d4735445d4d4c1a10a20a462ab5101a0ad10504329a22b505688298195a8aad405a225203ab5115e975a2ad00c2bd115e961441488c07a9092822a5480c24a976941af51a31bb4af76941af51a027695091b3583503468346e99e9cc595d01241d9c0e383febf9d5c745ec8c512823071bfccef3f8d3f7bc6896dc2a6612657255caf1d1a67a133d60d45aad2c335099ab2d506a6019d01e34bc36ea9c001cf778f1a69a84683619a864d65aa069922c6a19acb562907ffd9),
(14, 'clasificadores hibridos', 'MAMMA', NULL),
(15, 'el que te permite navegar', 'navegador', NULL),
(16, 'otro operador', 'not', NULL),
(17, 'otro operador', 'or', NULL),
(18, 'conjunto de equipos informáticos conectados', 'red', NULL),
(19, 'sistema de hipertexto', 'triplew', NULL),
(20, 'directorios', 'yahoo', 0xffd8ffe000104a46494600010100000100010000ffdb00840009060714121215141013151515171716171514151615151715141714161815161714181c2820181a251c1714213122252c2b2f2e2e171f3338332c37282d2e2b010a0a0a0e0d0e1a10101b2c2420242c2c2c2c2c2c2c2c2c2c2d2c2c2c2c2c2d2c2c302d2c2c2c2c2c2c2c2c2c2c2c2c2c2c2c2c2c2c2c2c2c2c2c2c2c2c2c2c2cffc000110800d800ea03011100021101031101ffc4001c0001000105010100000000000000000000000602030405070108ffc4004a1000010302000808090a04060301000000010002030411050612213141516107131422718191a115324252536292b1c1233354637282b2d1e1f01673a2d224344393b3c283c3d317ffc4001c0101000203010101000000000000000000000304010205060708ffc4003d110002010202040c060103030501000000000102031104120521315113324161718191a1b1c1d1f00614225253e1152333423443f1247282a2b262ffda000c03010002110311003f00ee280200802008020080d6611c61a58334d51130f9a5edcaf6067ee5b2849ec44b0a3527c58b647eab84da0678ae924fb11b877bf254ab0f32c2c0567b525d66ae6e1769c78b4f31fb4636fb9c56cb0b2de4ab46cfee5de639e1863fa29ff79bfdab3f2af79b7f192fbbb8ae3e17e1f2a99ff76463bdf64f9596f30f464feef13614dc2ad1bbc764ecde58d70fe9713dcb5786911cb47555b1a66e68f1ea825d154c6ff332a2ff009000b47466b9086584ad1ff1ecd7e06fe199af01cc70734e82d2083d61445769ada5c4301004010040100404371b2884f84686373a46831d55cc6f746eccd8c8b39a6fa40535376849f417284dc68cdadf1dbaf79983166667cc612ab6ee94c7503fadb7ef58e113db15e069c3c5f1a0baaebc0f3936148fc4a8a49ff9b0be227ae3711dc97a6f91a19b0ef6c5ae877f13df0b61067ce503241add054b3f048d69ef4cb07b1f70e0e8bd93b74af4b8fe300df9fa4ad8b6930191bed445c9c16e6bb47cb37c5945f5dbc6c6560dc6fa39de238a769909b08dc1cc7939f364bc037cc56254a495da359e1aac15dad46f1464010040100401018385b0bc34cccba895b1b75651cee3b1ad19dc7705b462e4ec8de9d39d4768ab900c2bc2939eee2f07d3b9ee3a1cf0e24ef6c2cce47491d0ac470f6d7267429e8f495eacadef79ad7606c2d5d9eaaa0c4c3e417648b7f262cc7ef1badb3d2871512f0b86a5c48ddfbe57e46c707f0674ccb71d2c921d61b93137b05dddeb578893d8473c7d47c549779bea5c52a08f452c6efe65e5fc64a8dd59be52bcb1359ff93ead5e06d20a2819999042d1eac6c6fb82d1b6f6b22729bdadf69901cdf35bd8160d6cca24646ef1a361e9634fbc2ceb0aeb94d7d462fd13fc6a482fb446c69ed68056ca735cac9556aab649f69a6ade0fa85f7c86c911dac909ee93282dd579a268e36b2db67d5e86866e0fa781c5f435563b2ee85c7a5ec243bac05270ea5c645858d84f5548f9f895458e784e84815d171acd194e01a74ea9a3bb3b4129c1539f1598785a15bfb6ecfdf23d64d31771ee92aecd0fe2a43fe9cb66927d575f25dd00df7282746512956c254a7af6ade894288aa100401004044b185d6c27407eaeaff046a687125d45ba5fd89f4c7ccde72951d88328e52961947294b0ca394ef4b0ca47a7938fc2d4ccd229e196677da93e4983a749eb522d54dbdfa8b0964c3c9ef69766b264a1298401004078e36ce730da80e758d3c2480ee27070e36426dc6db29b7d91b47ce1dfa3a559861f96674a8607566aba96ef5dc47e8714e4a87f1d84657b9c74b72aefb6c2fd0d1eab746e523aaa2ad044f3c4c60b2d25efdef26583a9a281b93046d60d792339dee76971de54126e5b4a5394a6ef27732f94ac58d2c394a58587294b0b0e5296161ca52c2c394a58587294b0b0e5296161ca52c2c78ea8b8b1ce0e90741ea4b0b115c3789b4f35cc4042ff00547c99e98f40fbb65346ac96dd65ba58a9c76ebf135f83319abb05b847520cd05ec2e72b37d5ca738cde4bb66ad2b674e1535ad4c967428e215e1a9fbdabcd1d4700e1e82b23e329df943ca69ccf61d8e6eaf71d57552707176672ead19d27692366b522080202178dcfb610a13f5755f86353d3e24ba8bb87feccfa579993ca56b623b0e5296161ca52c2c394a586531f109bc6cf5d527ca95b033ecc2db1b6e2e7772daaea518f5f69262be98c21cd7ed266a0290401016ea276c6d73e4706b5a09739c6c0019c92750594afa91949b76471fc68c6b9b09c869e92eca7079c4dda641e749b1bb19af5ec17214d535796d3b1470f0c3acf3dbef67a99b81306454c3982ef3e348749dc3cd1b877ad2527222ab56551ebd86d3952d6c4561ca92c2c3952585872a4b0b0e5496161ca92c2c3952585872a4b0b0e5496161ca92c2c3952585872a4b0b0e5496162dcef6bda5af01cd3a5a45c1ea45a8caba774442ae865a19054d0bdc00d234968d61c3cb674e8ef53a929acb22e46a46b2c9517bf26753c4cc6c8ebe3b8e64cc038c8afa3d66ed61eed0554a94dc1f31cbc461e5465cdc8c91a8cae10104c7b75aba84fa955ee8d4f4b8b2ea2fe17fb53e95e66372943161ca50587294162d55e10e2e37bcf92d73bb05d6631bbb1b4219a49127e0fa84c383e00ef19cde35c75974a4bf3efb380ea51d6779b2be2e79ab49ae8ecd4489465708020390f08b8cceab9b91d31f9263ad2386891edd3723c869ed23705728d3505999d7c25054a1c24f6f27bdecc6c1d1b2160633aceb71da5624db77313939bbb3322a9bb80de3deb53468e9be0783d0b3d90abe6673f8496f3df0441e863f64266638496f1e0983d0c7ec37f24ccc7092de7be0a83d0c7ec37f24cccc6796f3df05c3e862f61bf9266633cb78f0643e862f61bf9266633cb791bc7685914719631adbb88392d0dbf3772929b6d93d06db77223ca94b62d5872a4b0b0e5496161ca92c2c3952585872a4b0b0e5496161ca52c2c47a62fa29d9534b9b24f8ba85f4b48f31dddd8a54d4d65916e2d5583a73f7fb3b662ee198eb2064d168766734e963c78cd3bc1ed163ad529c1c5d99c5ab49d29b8b364b52339ef090eb55d11f52a7dd12b1478b2ea3a183fedcfabccd272959b1b587294b0b0e52961630f099333590374cf2c717539c328f65d6f0d5af71352fa6f3dc9b3b3c6c0d000cc00000dc342a671ca9004045b846c3e69290e41b4b2fc9c64696dc739e3a07796a968c3348b583a3c254d7b16b6722c10c11b6facf70d415a9bbb3a75a599d8cfe54b421b06d5d8dc6ace9616377fc6f57e9bfa23fed5a707122f97a7b87f1bd5fa6fe88ffb538388f97a7b8916276393a59389aa702e71f937d836e7cc360067d5d9b1693a76d6882b504966893a509508de3acb53145c753485a19f38d0d61e6f9e2e09cdaf767d4a4a766ecc9e828379648827f19d5fa73ec47fdaa5e0e3b8b7c043718984318669c013485e01b81668b1d1e480b2a296c368d28c7622ee2d46d9ea628a4be4b8baf6363998e70cfd20249d95cc556e306d1d07f8269beb3db2a1e12453f9898fe09a6facf6ca70921f3131fc134df59ed94e1243e6263f8269beb3db29c2487cc4c85e3a50c74b3b638af631871ca37372e78ffa852c1b6b596a849ce376683952dc9ac39520b14c9387020e707310815d3ba33b837c34692b3897bbe4a72199f4093fd37f5f8a7a46c59ad1cf0bae437c5d3e169675b57b7ea76b548e29cdb8547daa68cfa951ff00a959a1c57d474b03c49f579911e54b637b0e5482c39520b1b9c48838fc2316b6c31be53b328f31bf8afd4953e9a7d26710f2507cf65e675e550e4840101c4f856c25c6d7f177e6c0d6b3ef3807bcf6160fbaaed159617de767071c94736fff008233ca966c66c3952c585872a4b0b0e5496161ca92c2c055ef4b0b1d8b83dc6d1591f152bbe5e319feb19a03c6fd00efb1d6ab54865d68e76228e4775b097bda08208041cc41ce083a410a32b1c431e3021a19ec2fc4beee88ec1e5309dadb8ea237ab509664752854e123ce477952dec4d633303e1b7534cc9981a5ccb901d7b1bb4b73d883ad61c6eac6b3829472b3a9e24631565712f7c70b206dc1786bf29eef35977db36b3d5b6d04e318942bd2853d49bb9319640d05ce2034024926c0019c924e80a22b2d6734c31c29e4ca5b4b1b1f18cc1efca05e759005acdd97cea754756b2f4309abea7acc2fff00569fd0c3fd7f9acf028dbe4e3bd91bc63c667d64a2491ad690c0cb36f6b0738df39d3ce2a48c32ab1353a4a0ac8d5f2a59b125872a4b0b0e54961631ea64bd883623411a46c3d45490dc4f45f233e8bc0384054534330ff5236b88d8481943a8dc752a138e593470aac324dc77339ff0c2eb4d487d59fdf12b187d8fa8e868fe2cfabcce7bca56c4961ca50580a95948ca8ddd8e99c0fd25db5350478cf6c4d3eac6db9b75bfb947887b115f484b5c61d7da745558e7040101f366335417d5543ceb9e5ec123801d4001d4ba1b2091e82d96945732f03559456a46328a0194500ca28065140328a032307e109209192c2e2d7b0dda7de08d608b82358251a4d599892525667d0b8a18c71d7d3895960f1cd963bdcb1f6ce3783a41d637dc2a738e576391569ba72b15e35e0165753be17e63e346ff003241e2bba3511ac121212caee295474e5747ced5b4d24323e29416bd8e2d737611ef1ac1d6082ae277d675d49357449310f13df5f2653eeda761e7bc662f3e8d876ed3a86f5a4e797a486b5754d6ada7736b62a68ac32628a36ee6b58c68dba800aaeb6ce66b93ded9c571fb1edd5ae31404b2981e874c4687386a6ec6f59cf602cc29e5d6f69d1a14153d6f6f810bca2a42c8ca28065140328a0194500ca280a98eceb68ed3783fa8ee7c12cf9583da3cc9256f6bb2ff00eeaae217d67371ead59f4223bc361f94a4fb33fbe252e1b63eaf32c68dd93eaf339671a56c4838d280ae279bade0b592d25791f41f07d41c4e0fa76919dcce31dd3212fcfd01c0752a75a579b3938b9e7ad27d5d9a89128cae100407ccd87e3c9a89db9f9b34adcfa7348e19fb1741f151e824ef4e2f99781ae5a110401004010040101b9c53c629282a04b1dcb4f3658ef9a465f47da1a41dbb895894732b11d5a6aa46ccfa1f0657c751132685d94c78ca69f811a8837046a20aa8d59d99ca945c5d9916c73c42657cf14a1fc5907267206792200916d5960e6b9d475d805bc2a655626a38874e2d761258d90d1c161930c3137a1ad68d2493a4efd249dab4d6d90fd5396f6ce258fb8eefaf771715d94cd3cd6e83291a1efddac3756939f4598432f49d1a34553577b4882dcb0100ba03cba18b9e17a0b949912e62e38c4b8cc7b1c99c2cc5eb3683fa91dcf81b6ff8071f3a7908ea6b1bef6950621fd651c7bbd5ea468f86ef1e93eccfef854986d8fabccb1a3764fabcce5965bd89ac2c9633633704d119a58e21a64918cea738027aae4f52dd3ca9b258bc9073f7a8fa6a360680066000006e1a1738f3c548020080f9ff00849a0e2abe716b07912b77878bb8fb797d8af41e6a68edd0967c3ae6f2fd114b2c1816402c805900b2016402c805901dbf819ff207f9f27e162ad578c73b15c7ea278a32b1cdf86f79e4d0004d8cd9c5f31b46e22e35d8e75351dacb7835f53e838e594e5f16400a033f076049e7cf1c6727cf7735bda74f55d73f17a4f0d85d5527af72d6ff005d7632a127b090d26227a698f44600fea75efd8b815fe287fecd3eb93f25ea4aa8ef66e20c4ba61a627bb7b9eff70202e5d4f8871b2d934ba12f3b99e0e08cb18a94ff004667efad567a6f19f95fbea339699667c4ea676982df65cf1dc1ca4869ec6c7fdcbf4a5e863253357558870def1c9230ea0eb3dbd9607bd74687c4f5e2ff00a908cba2e9f9aee0a8c53ba3a1e213a2a5a58e9dcfe7b4bc971192d717bdcecd9f61033ec5d7a3a6f0d8896b795ee7ebb3c0e762f0f55cdcd2bae6229c393f9f476f367f7c2bb9867a9f51be01d94babcce5cd7298b68ac15936b135e0a6838daf6388cd131f21e9b6437bdf7ea5ad676a7622c64b2d0b6fd5e6773544e204010040737e1930297c71d5307cdfc9c9f61c7987a9c6df7d59c3cb5b89d2d1f56cdd37ca7202d53b562eb8d99e5962c6b6164b0b0b25858592c2c084b19b1e650da3b566cc6563286d1da96632b3b770327fc03ade9e4fc2c552b718e5e315aa7513b51154e6bc381ff0f4f7f4c7fe3729e86d65dc0abc9f4799c83286d1daacd99d1cacc8a1a27ccf0c89b947b80da4ea0ab627134b0d0e12abb2f1e65bd8cad939c078a11c7674804b26f1cc6f434e9e93d81788d21f10d6ad78d2fa23ff00b3ebe4e85dac9141475b2614d834bbf761dab854e955abae0bad9aceba899f1e0e034f77e6acac0595e72ec2bbaed8746c1bd41358686ada6539b2d90dd43bd5694e9f247bcdb5ef282d0a3725b8dae50e62c5ccdcb125303bbf7b16eaa3375366a30e604654303660486df21c0d8b09b5f2765ec331cc6c175303a5711857fd396afb5eb5d9e9666cb2cba4e7387b1765a5e778f16a900d1b9e3c9e9d1ee5eeb46e98a38c5978b3dcf97a37f8f891b8389aa639761194762e053075a19aa0e97bc46dfb318b923a5cf23ee283112bb48a1a42a5e4a3bbcce94ab1ce08020080b3594ac963747234398f696b9a75822c5653b3ba331938b4d1f3c634e017d1543a17dc819e37f9f193cd3d3a8ef0772e8464a71ba3d052a8ab41491a8b258cd8592c2c2c9616164b0b1bdc458c1c214a1c01064ce0e70798ed4b4a9c46438856a52f7ca77ef07c5e8a3f61bf92a57671333de3c1f17a28fd86fe4976333de5e8a16b4598d0d1b1a0017e80b061bb95a02dcd035fe3b5aeb68ca00fbd0ca6d1adc242089b94e8a3dc321b727b155c6636185a79e7d4b7b26a34e756595113a7a30e7b9cc635b96ebb8305ae7466ea0bc262f195b1956f2d6f625bba0ed2cb4a16dc48a8f05068e70cfb3575ed5d1c368951faeb6b7bb917af874946a625c9fd25da8a80dcc339d9a82c6331f4e87d31d6f7722f7b8d614dcb5b306490bb49ead4bcfd6c4d4aafea7d5c8585151d85392abdcdae3252e62e3252e66e785a9717292d5b5ccdcb6e6acdcdae61d4d2020e6041d2d39c11af329e9d57169dfac9233e46738c6dc5de25a65801e2efce6fa3de3d5f77468f7ba174d7cc5a8d67f5f23fbbf7e3d26b2859dd6c3b1f07941c460ea669d263123ba652643f8add4bb351de4d9c5c44f3546c912d0842008020080d0e38e2cb2be0c8759b236e6292de2bb61dad3a08e83a405253a8e0ee4f87aee8caeb672a382611a092091d14cd2c7b4d9cd3dc41d60ea3ad5f4d495d1de8ca3359a3b0b190b266c32160586420b19183aa9f04ac962367b0dda4806c6c468398e6251a4d599aca0a51717b19261c23610f48cff698a2e02056f91a3bbbcac7093843ce8bae21f029c0407c8d1e7ed2a1c26d7fd49ffc4efef4f9787398f90a3cfdbfa2b1c27d7eca7ff6dfff00d163e5e1ce3e428f3f6fe8bf4dc25e107b9ac6474c5ce3600c72f7fcae851578d1a34e5526da495d98fe3e96f7dabd09471925438192c5d60398086df635a4922e7795f34c6e2ea632bdd2dbaa2b72f7b49a30850859128c1f83c4633f8daf76e0bd1e8fd191c2c2f2d737b5eee65ef59cbad5dd47cc63d756792ceb3f00b8fa574a59ba545f4bf25ea4d468ff00948c00d5e66e59b9506ac5cc5ca83562e62e7b929731719297337292d59b8b9496acdcdae505ab6b992db9ab64cd9330ab29c10735ee2c46a235e65353a8e2d12c25c8c94e2fd789230dcc1cc00103668047ef52fa0e8bc7fcdd2fab8cb6faf5f89c7c550e0a7ab63368ba6550802008020080d0e3562ac15ecb4a326468e64adf19bbbd66ee3dc73a929d4707a89e8622745ead9b8e338730154503f26a197613cd91b7c87743bc93ea9fd55d8ce335a8ed52ad0acaf1dbb8aa8e164a39873eb6eb1d48ee8c49b8ed323c19b96331af083c19b9330e10783372661c20f066e4cc3841e0cdc9987083c19b9330e10dd62f60a0c25f6e71ccddc359ebf82f17f13690cd25868bd4b5cba791756debe62583d576746c5fa00d6e5919fc9e8d67ad69a0347da3f33516b7c5e65bfafc3a4e5e32bdde45d664616aac9192dd274ee0b3a7f487010e069bfaa5b7997abf7c84786a599e67b0d3b42f0ed97db2ce12ab1044f908be48bdb45ce868bef24057346e0a58ec5d3c3c5db33b5f72dadf52b957158854294aa3e45ff07349b186a5cfcbe39e0df306921a376468b74afb352f87f46d3a5c12a316b7b49c9f3df6dfa2dcc7879e93c54a79f3b5ccb6766c3a1e2be15e53007bac1ed25afb682e001b8e90477af93fc49a263a371ae9c389259a3d0eeadd4d7658f5da3718f134549ed5a99b8b2e017ee78eb0173a0673d0b6845ce4a31daf51872b2bb396616c659e690b9b23e365f98d638b6c355eda4afb6e8cf86b0383a0a13a719cadf54a493bbe5b5f62dd6ebd6788c5695c456a8dc64e2b91276f0255899869d50d7325377b2c43b5b9a76ef075ef0bc37c5da0e960270af875684ee9ae452dbab99ae4e4b3e4b25dfd0da427888b8547792e5debf4489cd5e3533ba996dc16c99b169e16e8d916696a0c12878d1a1c368d63e2ba9a3718f0f594f9363e746d529aad4dc5ed26cc7020119c1ce0ee2be8b192924d6c6705a69d99eac980802008020080b751036469648d6bdae16735c01046c20e9594edad194da77473bc62e0bdae264a07f14ed3c53c9c8bfa8f1ce6778e8562188e491d1a3a41ad5515f9fded22553535944726b6025b7b071cc0f44adbb5dd073a9928cf8acb718d2abae9bf7d06ce830ed2c9a5fc59d920c91ed78bdeb5709222951a91e4bf41bc8a80385d84386d690476851e62073b6d2bf066e4cc63841e0cdc99870852fc1b61751d6af1a54e5525b126fb0da32ccd2466606a4cb7803468e8034f72f9ad2a73c762d465b64eefa36bfd176bcd53874136710c6ec0d1dc02f7f39c2852727aa315dc8e124e52e7646e490b9c5c7492be5d8ac44b11565567b5bf6bab61d68c54528a3d6855986cc2c61a133534b1b7c622ed1b4b48701d76b75aeb680c6c307a46956a9c54ecf9934d5faaf728690a2ebe1a708edb6aead6725734824116233107310758217dd935249ad699e05a69d99d2f11285d1535de2c64717807486d8017e9b13d617c7fe34c7d3c4e3d429bbaa71cadff00fabb6fb352e9b9ecb42d0952c3de5fe4efd448d7903ae5134794d2d3ac11da2ca5a155d2a91a8bfc5a7d8ee6b38e68b8ef38cd652ba27ba39059cd3623e2371d217e83c2e2a962a8c6bd2778c95d7bdeb635c8cf9dd6a52a53709ad6898f07540e1c64c459a40637d6cf7711b8580edd8bc0fc7b8ea6e34f0917792799f36ab2edbb7d1d27a2f87e84966aaf63d4bcc99b82f9ba3d3a65a705ba3745a705b23646354477054b07664917666ff162ab2e2c93a586df74e76fc4752f7ba0f13c2e1f23db1d5d5c9e9d47331d4f2d4ccb94dc2ed14820080200802008020299230e0438020e6208b823782813b115c2dc1dd0cf722330b8f9509c81ec1059dca68d79a2dd3c6d6872dfa7ddc8ad570573c64ba8ea86ecacb89dedc64dcf5052ac4a7c645a8e9184b54e3e7e2633f0461c83c52e900d8f864ff939cb39a8b36557093dbabb7c8a1d8630c47e35239dbf933dddf19b2ca8d27cbde6553c2bd92eff00532705e1fad99e59534ed899924e571334649045802f7107495c2f88a70a583b45eb934b6f26df225a5428a95e12bbe94fc09d62bc1605db80edce7e0b85f0dd0bcea567c9f4af17e454c7cf644cfc332d996f38f70cff0092b9f1262383c2aa6bfc9f72d7e857c2c6f3bee34ed0bc0b2fb2eb42d19a32e2c1a98b260e89cecb745197f9c58d2edd9ecaf53d278ca74b818559a8ee5276f121961a8ca59dc55f7d9194a8930401018d554114b632c6c791a0b9ad75bb42b786d218ac2a6a8549453db66d7810d4c3d2abae714fa55cc86b401600003300330037055a7394e4e52776f6b7b495249591e382c1b22d382d91ba2cb82dd1ba2d3c2dd1b22f62e4993396ea703da338eebaf4df0f56cb5dc3ee5debdb22c6c735252dc4ad7b438e10040100401004010040100401004047b1b9d9a31b4b8fb87c579bf88e568538f3b7d9ff00274b472d7266c30132d10de49f87c159f87e197069ef6df97915f16ef50c7c36ee7346c17ed3fa2e2fc5352f5a9c372bf6bfd12e117d2d984c5e51965975ab5668ca960c0401004010040101e1405b72d91ba2cb96e8dd165eb746e8b746ec9a88cef03b6e3e2bafa22797154df3dbb750acaf46489a2fa21c20802008020080200802008020080202398d9e343f7bded5e5be25ff006fff002f23a9a3f64fabccdb606f996fdefc4574f41ffa0a7d7ffd329e2bfbafabc0d0638573a2734b6da35ae6e94a14eae25b9abd925e274b46d18d48b4cd00c3936a603d01558e878cd668d3baebf52dce18584b2ca7665630e546a8bb967f855f8bbdfa9a65c1fe42a1866a7d0f727f0d1fc5defd464c1fde55e18aaf41dcb3fc347f0f7bf51c1e13ef1e18aaf41dc9fc3c7f0f7bf519309f78f0cd57a0ee59fe1e3f87bdfa8c984fc879e19a9f41dc9fc3c7f0f7bf519307f907866a7d0f72c7f0d1fc3defd464c1fe41e19a9f43dc9fc347f177bf519307f90a4e1ba9f45dcb1fc2c7f177bf519707f90a0e1c9fd1f72cff000abf17bed1ff0044bfdc10e1994bda1cd02e40514f46d2a6ed2859f5fa92c68d09c1ca9caf637b385c3c5c210ab682b229c4c567cf45f6dbf8829f46ff00a8a7ff00747c4927fda9743f026ebe94700200802008020080200802008020080d0636b39b1bb6388ed17ffaaf3bf1142f4612dceddabf4747473faa4b98cec04fbc437123beff00153fc3f514b0496e6d79f99062d5aa11dc7c6682a0c7afebb7cc753443da8602f996dbe0bbda3dff00d346c7074a7fab95cdd420feecad32ac6c6c2007f7651b26899165a921e10860a6cb260f2dfbcc860f2c7f7643078e07f765930cc4941fdd96e88a5630a507f765ba65795ac45b0b7f998c6f1ef5e734bbfeb751eaf422b60e6cdd4c5786c44b3546cde25aa16e5544636107b2e7e0ba5a1a19b1505cf7ec57159da8499335f423861004010040100401004010040100406bb0fc19703f68e70ead3dd75ced2d4785c24d2dab5f67e8b3849e5aab9f511aa775c05f389ab33af25667985a3ca81db4107f35d6d1b3595c4ce1e596aa393e32e11a88a6b473cac69ce1ad758752f6da3a77a16dc478ca30e16ee28d7370ed5fd2a7f6ff004575b218d0a7f6a2f370fd67d2e7f6ff0045a364f1c3d3fb5170630567d32a3dbfd16b725586a7f6a2af0fd67d2e7f6ff458ccc916169fda8f7c3d59f4b9fdbfd1633333f294bed47870f567d2e7f6ff00459cccc3c252fb5149c3f59f4b9fdbfd166ecd1e169fda8a1d87eb3e973fb7fa2ca6432c353fb5169d87aafe973fb7fa2dd321961e9fda8b4ec3b55f4a9bdbfd16c9913a14fed44ff1283e411995ee7bb33b29c6e6cbcd6919e6ab2e63a908c6961ac95ae4d2639d78ba9ae6cab1d85fc5b8b2a673f5345bace6f702bd37c3942f5655372ef7fab9063a5969a8ef252bd89c90802008020080200802008020080203c22f98ac35756616a214f878a91f19d4736f07477597cdb48e15e1ebca1bbc390ef467c2414cbecce083ac2830b5783a899abd5ace5b8f783cb4875b3b0e49eb5ee345d65770dfacb98959e31a888ab5abacd914225d6b568d962302e35ab56cb118171b1ad73132815f10762c66339514ba24cc61c116dcd5b26472a65b7356e995e502d39ab74caf389e414e5ef6b46b23b2f9d2735083932be4cd248ec38ad4990dbea68c80bc5e3eb3cae5bcb78a7651a68da4f25813fbbaf3d1576568abbb122c5da4e2e104e97f38f41f14767bd7d0f43e1b80c32bed96b7e5dc72b19573d576d8b51b45d52a84010040100401004010040100401004068f1968aed12b07399e36f67e9ee2579fd3d81e16970d1db1dbd1faf52fe06b59f06f63f134f13ee2e17866acce835c86a71a306096326daac7a7515dfd1b8a6adbd1630d34d3a72ea393d452989e58ed5a378dabd942a2a91cc891432bb33d68586cb30899304375a364fb0da4146b42294cca143b908f842c4f4486f199aca8a7b2d93264ee61bdaa44c8a712cbd6e8ab3449b147039b891c39ceccd1b1a75ae5e90c4a7fd38f58a50504e723a643108d8183569de578fc757539655c852949ce4e4cb9836938f940f2199ddbf60ebfcd5bd0d80f98adf57156b7e4bafc08ebd5e0a9df95ec260bdf9c4080200802008020080200802008020080203c2136822785680c0fb8f9b71cdea9d8bc2e98d16f0f3cf0e2beee6f43b387afc346cf8cbbcb4d77615c28ca507744a46719715db30ca6662346eddd0bbda3b4bba72cb3d85ba75d4b54b69cfea689f11b48db6fd457aba75a1555e0ce840d8513119acd9bea386e88ab366d99459aeb7ca42e66beb20016ad12c64686b635a9660cd339849b34127605bdd25764d2d86f70262d17383a5173a983de573b17a46315683eb2b49456b91d0306d08885ce77770dc1796c4e39cbe98146b5675352d86410e7b83182ee3ddbcaad85c34f1151420aedfbec226e318e696c44af06d088581a34e971da76afa260b091c2d254e3d6f7b38d5eb3ab3ccccb56c842008020080200802008020080200802008020289a20f696b85c1d20ad2a538d48b84d5d3368c9c5dd6d22b847073a03717747b75b771fcd788d29a1e78779e1ae3e1d3ea75e862235959ea9789658fbe85c06ac4ad1855f82192ec07b8ae8e0f1d2a6ed264f4f11286a7ad11fa8c58730ddad3f7738ef5e8e9e3e56db72dac4539f294470399a41eb56638e5ca838296c66536b0816527cfc77334f97663ca0bd692c72e489baa56daca22c0064d2d711bf3054eb694c9b91975210e537183f17991e9006e1f995c5c4e9594f61054c5df8a6de28dac1668b2e54eace7c6655949cb5b11b5d23b2221776b3a9a3692ace1305571335182f7ce6b29460b34f6126c15831b0b76bcf8cef80dcbdee8fd1f4f090b2d727b5fbe439388c44aabe6e4467ae815c2008020080200802008020080200802008020080203c22fa561abea60d1d7e0019dd01c93ad87c53d1b3f7a179ec7680a756f2a3a9eee4eadde1d07428e35eca9af9f94d34a5d19b4ad2c3bf41e83ad793c460ab5095aa45af7d8cbf1719abc1dcadb26c551ab1868ab2d63598b0ca4d62c329358b1e17a58cd8b4e9c6819cec19ca9614a537648db2f2b33a8f034926793e4dbb3ca3d5abafb17a0c0fc3f56a7d55be95dffaebec2ad5c5d386a86b7dc48a92959137258db0ef3bc9d6bd750c3d3a10c94d597bda732a5495477932fa9cd020080200802008020080200802008020080200802008020080a648c3859c011b08b8ec5ace119acb2575ce6549a7746b27c5f85d9da0b0faa7e0572ab684c254d8b2f47a3ba2d431b563b75f4988fc5d779337b4dbf7dd7367f0d45f167dabf64eb1eb963de5b38025f48cec2a17f0ccf926bbcdbe7a9fdaca9b8bd26b940e86dfe2b78fc33f74fbbf661e3e1c91ef3222c5c8fcb73dfbaf61d833f7abf47e1fc3438cdbeef0d7de452c7cff00c5246ce9a8e38fc4635bbc0cfd67495d6a385a347fb714bdef2aceace7c6772fa9c8c200802008020080200802008020080200802008020080200802008020080200802008020080200802008020080203ffd9);

-- --------------------------------------------------------

--
-- Estructura de tabla para la tabla `u1_amigo_u2`
--

CREATE TABLE IF NOT EXISTS `u1_amigo_u2` (
  `U1_nick` varchar(20) NOT NULL,
  `U2_nick` varchar(20) NOT NULL
) ENGINE=InnoDB DEFAULT CHARSET=utf8;

-- --------------------------------------------------------

--
-- Estructura de tabla para la tabla `u1_c_pidayu_u2`
--

CREATE TABLE IF NOT EXISTS `u1_c_pidayu_u2` (
  `C1_titulo` varchar(50) NOT NULL,
  `U1_nick` varchar(20) NOT NULL,
  `U2_nick` varchar(20) NOT NULL
) ENGINE=InnoDB DEFAULT CHARSET=utf8;

-- --------------------------------------------------------

--
-- Estructura de tabla para la tabla `usuario`
--

CREATE TABLE IF NOT EXISTS `usuario` (
  `nick` varchar(20) NOT NULL,
  `pass` varchar(20) NOT NULL,
  `Imagen` blob NOT NULL,
  `Fecha_naci` date DEFAULT NULL
) ENGINE=InnoDB DEFAULT CHARSET=utf8;

--
-- Volcado de datos para la tabla `usuario`
--

INSERT INTO `usuario` (`nick`, `pass`, `Imagen`, `Fecha_naci`) VALUES
('user', 'pass', 0xffd8ffe000104a46494600010100000100010000ffdb0084000906071413121314121115141514171416151816121a13171c1718141716171a18181a1c2820191d251d161722312227292b2e2e3118213338332c37282d2e2b010a0a0a0e0d0e1b10101b372420242c382c2c322c2c2c2c2d372c2f2c2c2d2c2c2d372c2c2c2c2c2c2c2c2c2c2e2c2c2c2c2c2c2c2c2c2c2c2c2c2c2c2c2c2c2cffc000110800e100e103012200021101031101ffc4001c0001000202030100000000000000000000000607050801030402ffc400511000010302030405050b0808030900000001000203041105122106073141132251617114328192a1152342525472829193b1d11753566273a2c1d333343543b2b3c2d24494f1081624637483a3c3e1ffc4001a010100030101010000000000000000000000020304010506ffc4002e11000202010302050205050000000000000001020311122131044113223233615181717291c1f0054243a1d1ffda000c03010002110311003f00bbd11100444401111004444011110044440111100444401111004444011110044440111100444401111004444011110044440111100444401111005c38e8a1bbdada875061ef7c4fcb3ca5b1426d7b38eae75bb981daf6d96b941b615ec64ad15b3b99331cc903e43202d7020f9e4d8d8f116287526c9def037bd5134cf870f93a18584b7a56dba492da17027cc6df85b5235275b098ee2b6c6a2b63a98aaa4e95d018dcc79b672d7e7043ac35b1671e3d65afb0b6c3c54eb72bb4028f120c91d68ea5bd0924d807920c64fd2197e9ae27b964ebd314cd9c4445d2a0888802222008888022220088880222200888802222008888022220088be2799ac6b9ef706b5a0b9ce26c0002e492780080f26338c414b1196a256c518b02e71e6780006a4f705e1c276c28aa6192786aa374510bc8e24b320d757b5c016f036b8d56b96f3f6c5d89563b238f93444b606dac08e0e908ed711e8161daa22c2f01cc6b9c18eb6619886bb29bb730e76be975cc9250935944b779fb62713abcccb8a78416420e848bf59e4722e2069c801dea2c46965c35b6e0b955b7936d55695b85f1332fe2bed72b89964a2a4b0cbfb741bca6d5b194956f02a58008dce3fd3340ed3fde01c473e3daad45a545a410e6921c0820836371a820f22ae3dde6f98b72d3e2649e4da8035ee1301c7b338d785c7172b53c9e7ceb707b97922eaa5a9648c6be37b5ec7005ae6b839a41e0411a10bb574804444011110044440111100444401111004444011110044504de3ef2a1c35a6360135511d5883b46df83a52380e61bc4f70d5012ac771c828e23354cad8d8399e24daf66b46ae77705ae7bc6de64d89130c20c34a0df25faef20dc1948ece21a34f136b45b1ec72a2ba533554ae7b8dec2f66b47c56378347871e26e755e202ca2e582fae872ddf070c6597288ab36a492c20888874222200b87b015ca21c69358666f64f6ceb30d75e9e5bc77bba27f5a277d1e2d3dedb1d164eaf7ad89bea0ceca831b43aed8400620dbdc34b6dd6ec24ebde14497c868fad4f599a5d3acec6d76eff6be3c4e944cc195ed39268fe23ed7d3b5a7883e8e20a932d51ddaed71c32b03dd7304a0327035eadf4781f19a75f0cc39ada9a6a86c8c6bd8e0e63c0735cd376969170411c41054ccad61e19da888870222200888802222008888022220088ba6b6a9b146f924706b236b9ef71e01ad0493f504041f7b1b7e30d84471106aa607a3075c8dbd8c8e1e37007323b015ad523dd23dd248e2f7bc9739ce3724937249e64ac86d4638fafac9aa64bf5ddd569f82c1a31be8007a6e79af02849f634d1567ccc2e11140d81111004444011110044440111101c3db70ad6dc76de18646e1f52ff7a90da9dc4f9921feef5f82e3c3b1df3b4aa97c4a08b381b11a82343e2a51667bebcad48dd64513dd86d3fba14114ae37959ef537ed18075be902d77d252c561882222008888022220088880222200ab3dfbed2320c3df4ed91bd3541634b03867115cb9ce2de394e4cb7fd65662d42dbbc40d5625592b8f195ed6fcd61e8d9fbad087526de1187885805f488a967a5158580badd305db0d3ba5923899e748e6b1be2e7068f6957f601b19494ac0d6c2c7bc0eb492343dc4f323379a3b85972525059656e5294b11ec6bdf4e3b17db64079ad94a9c1e9e416929e178fd68987f828ae33baea296e620fa776be638bd97ef638f0ee04282ba0f9d862c5f2530b852fc5775f5d15cc4593b796476475bbdafb0fa8951ea8d9fad8cd9f4738ff00d9711f5816562c3e18f171ea583c2b95ed8300ad7901b4739bff00e4bc0fac8b290617bb0ae96dd2e481bcf3bf33addcd65fda423c2e58f173e95921ee900e6be0ce15d1836eaa8e2b19cbea1da5ee7a365fb9ad37fadc54b69304a68c5a3a685be1137efb5d56ee82e3718b5fc1ad6d982ec57e6d06c451d5308742d8de784913431c0f7db470ee3ec545629873e967929e5f3a375bb88e2d70ee2083e9538c94f80a528bc48e84445d2e2cadc0ed2474d533d3cd288d950d6642f759bd2b1d94345f405c1e7c728ee5b12b4967673ef5b89b255866a1a495dc6482179f131b49f6ab53c9e64e3a5e0cb2222e9108888022220088880222200b4e368298c55b571b858b6699baf748e5b8eb5cb7f980182bdb54d6fbdd53412790958035c3baedc87bfadd8b8f825096992657284a0599d8bd997e213e4be48a3b3a57f3009d037f59d636f02795955f2cdf39e38e59cec151be6c469ba36dfa391b238db40c6381713d9d83bc85b0cb054b850a28847414919beae2f9ba324f6b9f95ce71eee0395963311da6ab80fbf4144dec0ec45b1bbea7b47dcb3cdbb1ec463e4ceaee4c114128f78c09f7da3781cdd4f3c75ad1deee8ed9549304da5a5abfeaf3b1eee393cd7e9c7a8eb1b77aadd725ca2c8d917c332e888a04c22221c08b0f8ded3d2d27f4f50c6bb8e41d67f7751b723c4a8dd5ef1c5fdea8dd6f8d513c7460f7b43ee5ca6ab93e11095915cb278a99df5d239b570cb90e4742d6e6e45ed7bc91e395cd537c3b692ae73ef34f46fed0dc45b211e391a6df52cd1a535313e2ada6606b858b44bd2b4f78395a5ae1c8db4ed53866b7964658b1611ae8d75f822c9ed5e06686adf0124b34746e3c4c6ef34e9cc105a7bda5635697f076b9ea5bf274d49d02dc3d93a230d1524478c7042c3e2d8da0fb56b0eee70135d894115af1b1c24974b811c6439c0fce366fd25b6615b15b18ad9664d84445d2b088880222200888802222023bb77b591e1b4ae9e4199c7ab1477b17bc8d07701c49e4076d82a29b83e278d8754d4cf963b38c2d75c309d6cd8e31a35b7d339d7e76ab2bbc17bb13c7994649e869ba86dd81a2498f7126ccbfeab55991461ad0d680d6b400d005800058003b00545d6e8d9725f4d5af766adb8900b4821c0d8822c47682392be775f840a7a08c91d79fdf9c7b9c3a83d4b1f49506dbcc22118d53b03006543a9dd280480e324e5af3dd703973bab998d02c00b016000d058720abba798ac772da62f53cf6d88aed0e253cf52cc3681e193bc679e5e3d0c5a5cf738823d66db5702221b735147853cd2d2411d4d5d83aa2aaa9a2a0b5ce17018c7dd81d63726da0206a784e3719097bb12a995a44efaa31bc1d4b437ad97bac5c47d11d8b5fb17ad74f3cb33fce9647bdd7ed738b8fdeb4570515833d937296492619b74e0f1e574b4d531e97029a2a795a3998a581ac731dd87bb929f631b374ae752cce95c20aacafa3ac04473b24b07086a1d6b486c3aaf775aed2d26e2e6925b05bbec2c55eceb2293836673984f20ca9121b789ce3d2bb2e08c5ee4b0a2145e61e98444080aeb07d9fa48db57559de69a97319eab335d3d44dc4c303f846dbb834bdb6738bc00e1a9503c436ea42f3e4d4d494d1f260a486771fda4b331ce7bbb4e97ec566ef370d147b3b4f4f11ea89610fb7c2b8924713f4c03e8542af523c1e5c9ee5b1b10ea3c5dde4f344ca2af682e82a2947419c8d5d78db669701ae96b806d96dacbb663159d93cb87d71ff00c541d66496b09a2e4f1da6d6bfb750e548ec7d5ba2aea4918482d9e1e1d85e011e9048f4abc77cb01656e115108f7ee99d1580d5cc2586d7ecb39e3e9950b20a51275cdc646177c58274d4ad9da2efa73afec9da3bea394f86654c89090001771d2c35375b453c2d7b5cc780e6b816b811705a458823b0854d61584454fb42c8236fbdb1c4b438e6b134a641a9ec71d3c02a299f970fb1a2d4d4b2bbec710ec86258744caca598b640ccd3319e7b071b39a6ed9401c4723c8daeae7dd7edd3713a725c032a22b0998381bf0919cf29d74e4411d84fd2a9de3dc8c7a0922eac1505b99a340192bb248df06bbae077354e9b9c9e195dd4a8aca362d111683384444011110044440111101af9879e8b69eb1afd0c8f9f2fd20246feeab414237e9b392c53438ad3718f209adc5ae69f7a908e60f987c1bda566f64b69a2ae843d8409001d2c77eb31dc387369e479f8dc2c9d441e751afa69ac69203bcb19718a07f2cb4e6fdeda97dff82b68aaa37dcc2d7d14a397482fded2c70fbcab55920700e1c1c011e045c2aecde116595ed39231d83540a1af95ef21b4d5c23bbc9b363a960cadcc7e0891a7ce3f09a0730a99debec9c9435d29c87a09dee9217dbab671cc597e1769245bb2c79abda689af696bda1cd7021cd700e041e2083a10b1afc11bd1989934ad88ff00744b2a22f06b2a192068ee6d80e4acaef4962457674edbcc4d70c330f96a256450c6e9247901ad68b927f80ed2740b68b07c31b43434f44d70718db795c3817b897bff0079c7d002f260f86b29afd080ccdc72450c57fb28db7f4af6ae597e562276ba30f320b1bb418cb29207cf2871630b410c00bbace0d16b9039f6ac9280ed0473627553d0b2510d353888ceec81ef7bddd76b5b73a016eed5a6f7d02a611cbdf82f9cb0b6e49e8375cae1a2c2dd8b9502474ed2613ee861f3d1dc0908cd0926c33b0e76827b09163dceee5abd5d46f8647472b1cc7b0d9cd70b107b085b4e0af0e3385b2a483306bc8e05f0c329fae58dc56aaef4962465b3a76de6253db9cd947d5d74733987c9e99e2491e746e667598c079926c48ec07baf6cd6d436bebd950c21d4f46c92285fc4493484099ec3cd8d0d0cbf337b705c8c11a5822925965887088964311ee74503236bc773810b26c600006800000000580038000700965e9ac4457434f2cfa553528cdb4ee3f14beff468cb7efb056c8553ec11e9b1bae97886f94107c660c6fb2ea157127f0596eee2be4b61553bd93d257d042cd5fd5d3e7cc037da0ab171dc6a1a489d2ceecad17ca3e13dd6d1ac1cc9ff00ad8283eeab089713c4df89d436d142ebb07106402d1b1ba6a18deb13db97b4a974f079d447a89ac692fc4445b0c411110044440111753ea180d8bda0f61700501da8ba7cb23fce33d71f8a79647f9c67ae3f1407d5440d91ae63da1cd782d735c2ed2d22c41078821535b4db9892397a7c26731b81b889ef2c2dee8e51c472caefad5c7e591fe719eb8fc53cb23fce33d71f8a035936db0dc6bc9c1c46077430b83ba4222362e2182ee8ceb72e03ea567ec157f4d87d2bef722311bbb7347ef66feadfd2a75b474b0d552cf4ee91804d1bd97ccdd091d577a0d8fa1525b9cc57a33514531cae638c8d0e3cc10c95bd9a10d3f5aa2f87936ec5f44fcfbf72d245d7d3b7e3b7d609d3b3e3b7d60b1619bb28ec45d7d3b3e3b7d60b96c8d3c1c0f810530328fb511c4767eaa3ab92aa82685a670c13453b5c584b340e696ebc3969c4ebae921afc5e08081354451170b81248d612385c5caf2ffde8a2f96d37fcc47fee528ea5ba4425a5f2ccb2e5628ed251f1f2da6ff988ff00dcbb68b1ba699d922a98647589cac95af361c4d815cd2fe84b52fa9904445124111101e0c7b1114f4d34c7fbb8dce1f3add51e97587a552fb0787e2d924930e81ce6ca723a4cb19d5bad8190d879ca5dbe6c62d145471dcbe6707bc0d4e469b305b8f59ffe05706c460428a869e9add68d833f7c8eeb487d6256da21e5dfb986f9f9b6ec551826e82b2ae51362f5240d3dedaf124847c5cde6463e6dfd1c55d18561b15344c8608c471c62cd6b780e67bc927524ea495eb45a0ce111100444401111010eded6352d26193cb012d90e48c3871687bc34b877dae01e4482abad98dd1535552c3513d4d419276b6571616017780ef84d249d7893aab2f7a943d36135cdec88c9e989c25ff42c26e7ab3a4c2e9fb59999eab9cd1ec010184fc8750fca2abd68ff00969f90ea1f94557ad1ff002d5a08b874abff0021d43f28aaf5a3fe5a7e43a87e5155eb47fcb5682202affc8750fca2abd68ff969f90fa1f94557ad17f2d5a0880abff21d43f28aaf5a3fe5a7e43a87e5155eb47fcb5682202aff00c8750fca2abd68ff0096b15b53ba38692966a9a5a9a812c0c328cc5b6219abac58d6969b5ec55caa03459df8ae2f4723dce6545345244d738b9a1a63113f283a37ad272ec080ae2aaa8551c1aaaa98d9049d2534c48d096c85ac2eb5be3e6fad4ddfb0d879e348cf439e3ee72866c4e11e5d84d45293964867e922274caf2c6d81ec04878eecddcb3f816dcb1a3a0c46f4f531f55f9da72bedf0ae05813c7b0f2d0acf3cf11ec7a1d34abff22e7bb3de377d877c907db4dfef585c030b863c71cca68c3194f4e73005c467780389275b483ea592c5f7814cc1969dc6a667691c71b5c4171e1736f60b95eed81d9f929d92cd526f5354ecf2eb7ca352d6765fac49b69a81c941b928b722cb7c26d2825f578256888b300b1d8fe311d240f9e63d56f0038b9c7cd6b7bcff00fbc963b6a36ca9a881123f3cbca26105ff004b93078fa01506c1b05aeda1a86cb35e1a28dc4661a340bead881f3e43cddc073e4d57d74b96ef829b6e51d97264b751804b89d7bf13ab6fbdc4fbc608eaba51e635bfab18b1bf686f1d55f8bcb85e1d1d3c51c30b03238da1ac68e407de4f1279924af52dc606111100444401111004444079b12a512c32c47848c7b0f839a5bfc5545b80aa3e4d510bb431ca4db980e6b788f10e5732a4b7683c9f1ac5a98e9791ef68fd56cafcbec95bf5a02dc4445c3a17202e17dc4fb1ba0380c3d857caf6ba516bdd78c94070888802826347a1c7f0f93954d34f4e7c632651ed2d0a76a05bd53d13f0baae1d05746d27b1920bbfc05a34040704c721c3312c4e2a8ccd63a6764cad2eb5a47b9ba0e176bc290d6edbe0f381d3b9925b809295efb785d86de851fde0c74d4f8fbdd59174904f1c6e70b1eade311e601a41d1d1dcf3b13c78295b777f86481af6d334b5c039a593499483a82087d8859ed504f2f3f63454e6e3858fb9e1a1db2c1a0b980c7193a131d23d8e23bce417fad7355bd6a16f9a2693e6c607f89c17b9bbb8c347fc2dfc6694ff00ad44b6eaab0ea1060a5a481d52789737a5115f99ce4ddfd8de5c4f61845426f6cb2c939c565e11f588ef84ea20a4f074b25ff71a3fd4a3b53b598956ded318d9c088fde5be19875cf85cac1e1184194e77e8cbdfb0bbc3b077fd4a531c61a0068000e002f53a6e8232f3358460bbaa9719306dd9c195d9a425e781e57efe6567f745b60fc3eb04129229e778648d2746487aad90721c813cc7805c288e3e43e7b46331395bd51725dc2c2dc4f00afeae884229c4aaa9ca4f7372d175523486303bce0d68778d85fdabb5602f08888022220088880222200a96c447936d593caaa20eff00e21fea815d2a9bdf133a1c5b08a91f09dd138feab656dfd93390169a2f989d7683da02fa5c3a1111004444011110050ddefd174b84d55b8b04720fa1236ffba5ca64bc1b4145d3d2d443f9d86567a5cc207b4a0292df7344c70caa6ffc4d301dda16c83fcf584d82db57d03fa09f31a72ed471746e27573476732de7c46bc733b587a7d9cc326b5cc123a13dc3df183fcb8feb500f71a7700ecb9ae010738e0469c4f629787ad63190a7a5e4b5b6f778ac859d15148d9257804c8d399ac6b85c58f02f20fa3c74558e1787e77092726cf272dee4bdd62e249ecd0ea78af30c0e7f89fbcdfc57dc9834d760711d63945dd7e009fb8295543af7d22cb75bdd92892ae36717b05b96603d8bc53e3f0b7812ff0006fe3658e8b665df0a403c1a5df7d97a8ece3329b39c5d6d09b5afe165e8b9f512e2383269ad72cc65763b23ee1bd46f771f49fc2cae1dd16eb3218abab32b8d9b253c4d70781701cc91ee1a13c0802f6d0defa2aaa8f65649e9df2d3de47c24b6786def8de6d7b00f3da45fbc169d0f15746e0769fa6a57d1c87df297565cea61713a76f51d71dc1cd0bcb77789279796b9f83528e95b23dfbd3c7a732d3e1947218a6aabbe5905f34700bdc8b70272bf98f36dcd432bb0a3823a1ada49e77b04ad6d5b247870918f3a9b0035e3c6f6241e5accb7a7153d209f11e9b2d61a714f034bdbc4c9e732322ee2331bf1161c144717af7e2b16234b49926c91d0be16b5cd0e712e6be722e45f29ea9eccbdeab929ea58e0b22e1a5e792f66381008e045c782e579f0e8cb6289aef39ac6076b7d43402a2fb65bc3a6a077456754549f369e2eb3ee45c6722f92fa769ec0558564c11545b2fb718a5562d1d3490c50c418e92689a03dcc8f29cbd23ef70fb96682de70b8e2add5c4d359402222e80888802aa7fed134a4d0d3ccde30d4375ec0f63bf8b5aad651ade4d009f0cac618fa43d0bdec68bdf3b0676116d6e0806dcf873407183628c7c113f379ec6b873b870cc3878af6f96b3e37b0fe0b5c76631189b4ed12e35554ce05def51b24731a2fa58b6e35e3cb8acafbab4dfa475bf6532e1d2f9f2d67c6f61fc173e5acf8dec3f82a17dd5a6fd23adfb2993dd5a6fd23adfb299017d79633e37b0fe09e58cf8c3daa85f7569bf48eb7eca64f7569bf48eb7eca6405f5e58cf8c3dab9f2b67c60a84f7569bf48eb7eca64f7569bf48eb7eca6405f7e56cf8c1722ad9f182a0fdd5a6fd23adfb2993dd5a6fd23adfb2990129da3d9bf26c0ebe03331e04eea88436e32c7d2c64375b6b60f3f4acab07beae089865a49d9180d01ef8dcc6916d2c5ccb767359ac56a692589cd7e3b55358666b1f04ae6970d5a0b5da1d40e2b09162d2cd3b246472574c5833b6a6235367fc2e8dad3e6760234e0a4a4e3ba781f6fdceb8b1a90b4bcc4fe8c10d73c6ad04f005d92d7ee591735cf753e5bb8be401a05b52e6380b5c01c4af4e2ecc5aad996764b1c4082226d3be360b70eab5badbbc958e9a8a41d197ccd6793d8b4b606465a5a458b8800bc82d1e75cf1ed554ba96f653ff6d9b29e9e4e2de84ff4465438825ae195c0904116d471d0ea08e60ea163f1813903a22036c4b8dc03f59e017552564d23a599ee7482ce7073c00e73edc45b95b4eee0163a8eb1d504c52484076a080070f83de2dafa02f523749d4a367a9fd363cdb21056375f1fa925ddde20ea78eae60c717bf2c4c94beedcda39c329f3881d6bfcd1cd60307da1a8c3eb1f3c6ebcbefad717f5b37480f59ddba96bfc405d95118a500441ce964ea8bf5b98e0d1c4dc8b0599a7c22a70d9595d5b4827681f9c69c9210321701c08e1c2c09d0dc058274d74b6ff00bdf3fb22d8394ff2a329b15b22dc498fadae9a595ef91cd0049ae96b979b1238e8d160004da2ddf3e89b356d1d4398617f491b5b70e647cfae4dc917f4807b6cbdd866c7c7152797d7e232d0f95112e4a7258d024eb3006005ce3637b01d51e056771bdd2c9242f6c78a54c8e22ed64ef2f89c46a03ac74d6dad8dbb153a67ab39d8b75434e3065b60f7b34d56c8e1a993c9ea8b430b9c008defb5aec770049b1caeb6a6c2ebcd8b60306094d35580e9e675f34d26b23e590e809f82d2e3736ec37b9b28953ecf4589d0b8793b29eb694ba07060c80be3160d781c4102d7e2083636d0cc77378e8c46865a4ac6099d4c5ac7095a1e1d11bf479c38589696b9bf45bcd557d30ea61e1cb3ceff00f3f0637ada92313baeda7c368a0749555cc35954ee96a0e491c45ee5acb865b4b926dcdc7900adbc1f1686aa26cd4f23658dd7b39bc3436235d41ee2aafacdd64d55512366f26a4a26bcf46ca5899d33da0f54b9e5bd536b5f88bf2e6acec0b07869206414ecc91b0682f7e26e49275249d4957c33a77582b7c9ef4445338111100444406986d1ff005baafdbcdfe639639110044440111100444401111000a4fb35e60f9c88abb7d0cba8f59b030f9adf01f7054c6f0bfa4aafdabbef2b945f33fd17df9ff3bb3d57edcbf2bfd8ea1fd1fd01fe150dc23fa68fe705ca2fbaea7d50fe7d0f9ca78664ea3fafc5fb487fc4d56eedcff64547cd67f9cc445e7759ef7dcdbd3fb6ff0002b6db2feb343fb0a4ff000316cf3f89f1288ba54549b09fda38e7feb1dfe7542e3713fda18af8ff00f74888a987b922e9fb712eb4445714844440111101ffd9, '1980-12-14'),
('user2', 'pass2', 0xffd8ffe000104a46494600010100000100010000ffdb00840009060714111215141214151415161414161615151414161514141714181715141514181c2820181a251c151521312225292b2e2e2e181f3338332c37282d2e2b010a0a0a0e0d0e1b10101a2f261f242c2c2c2f2c2c2c2c302c2e342c2c352c2c2c2c2c2c2c2c2c2c2c2f2c2c2c2c2c2c2c2e2c2d2c342c2c2c2c2c2c2c2c2c2c2cffc000110800f000d203012200021101031101ffc4001c0000010501010100000000000000000000000203040506070108ffc40046100002000304060607050703040301000001020003110412213105064151617113228191a1f007324252b1c1d123627282f1144392a2b2d2e13363c25354738315169308ffc4001a010002030101000000000000000000000000030102040506ffc400351100020103020402080504030000000000000102030411122105314151136122718191a1b1d1f01442c1e1f106324352233334ffda000c03010002110311003f00ee3041040010410400104104001003043532483912a77afcc647b6001d8220a5b4a38973680b612dc7a930d2b77eebd01377681504e204c47072c7e477180060bdd608d8abd4293be952877e0091c8f6b124dd7321f1054bca3b6e82032d77a12b43b98664130ee94925e5305f5c0bc9c262f593b2f0115fa56d41a449b5264af26683fed4ca2cccb3fb398c798100163669c43196e7ac05e53efa5695e60d01e60e15a44a8aad6099d1acb9dff4a6cbaffe398c254ca9f7407bff00906e8b5800208f2b1ec0035689e116a780006649c801be23d92634deb1c176536f15de3ef6dcc61426a274dfdaad3d1feed0b03b8aa1a4d3f99cf458ec973b7c68c0800008f62359e7999d65c13d93b5c7bc372ee3b786d4b5a8b31496012b83b1f510d2b74d3d66a106e8d9991854025c10da4aa664b1de7e83010e400104104001041040010410400104104001041040021e583bfb1987ce215a0cc4c52f11eeba86078029d65e746e51610970761a1e551da2002b34669e953a61935e8e7a8bcd25faaf76b4bea0d0b26231a6d15a1c22d629b4a59655a7ec6d0a51cd4cb988c558103d7913462ae06633cf315ae774769ab558e7fecb6cfb534ac99d4ba9694ae41f297681b518dd6f64ae1586d2dd81b4b6d9167234b71556dc48208350cac3156040208c410088a6b2cd9a6fa120daa405353455b54935b8ec0602f5d65afb2ea682ee0d64f6eafaa3b4fd2233ade6bc685a845682b749048aeea818708c53bfa6b68eff0021aa8bea4cb1e9197365acc56c18647d6041a32b0d8c08208d841114dfb217d1ed6561759acf3240ba475414696943f86ec79a36c8d2a64f14fb3798b365e540ce804d5033f5d4be3b6618b102113bea99db05952433a555a7d95e57aaef28ad730ae5778d80c4bb1cdb80a9c45e373821c42f61240e004371ec2ff1b5bbfc09f0e222d96e093a452bf68ef2cf2e89e68277d3a3fe630fe94d2692244d9c4d44a96f308da42296a019ec8afb7588cc9921c353a29ad308a56f03226caba0d70c66035fbbc624cf90aea55d4329cc115071ae51757f358ca4caba6881a996328b30b759832c8bf855c495fb46386667bda5bf34586966e91e5d9c6532f34dff00c094bc3f33322d3733ee8f644e0c2a8c08a91506a2a0d08e75854a40b31a69a9664443c154b114ed735ec87c38841ed3582ae9be879a5ed2c2e4994693669214e1f672d69d24da7dd04015c2f32038189964b32ca408828a3b49a9a924ed249249da49310747c9267ce9af4a9bb2e50ad69294549e0ccecc4d362a6e8b32691b6138cd662f251ac1ec1149ff00cdf4ad76cf4208af48416bc0e46520f59703d762ab950b6316122cfb58bb1deec3fa50ddf08b104b8212aa0650a80020820800208208002082080023c31ec10011e64d7194b0df85c57b2f003c61993a5659608c4cb98724982e331a54dc2709941ee93489d151a5672ccfb3a0600826a011794d452bb4100d61171710a10d52fe4bc20e6f085698989314cba57ef03428c32656d8c0e208ca29f45db1dd9e54f359d2ae9270026cb6af47395760243023632b6ca1339161d5962b5a0ad295a634ce95dd1c19dccebbf4f9745d8d6a0a1c871442c08f047b131455b08f1980cc81ccc0ee14549a019984a580cd0dd2608c14746403ea92431a8c0e230e039468a345d5960aca5a50c5aadb77d556735a757d5078b65dd5312ecf677715621780f993fe226ac85000005064223693d2d22cab59d31658d809c4fe15189ec11d2a7694e3cf710ea363168d0e5c53a598bc56822a2d7aa6e715b54fafe33f28667fa44b3d692a5cc99c7a88be2d7bf9623afa465db22838ce51f110e5e1aec47a430742dbacf532679604962196b798e64d76f18f2cfadd3651bb6b934fbe951fca703de22dec7af9667c1c4c97c48575ef965b0e6227da2c326d72cb4b28e0ed5208e469b61752de955e681368347e9295685bd29c38db4cc731988aed6298d39e559558f5ef3cc14055652d0179a0fac2a68a870626a6aaa41c8692d1132cb33a490c5186ef811911c234fab1acab69ea4c01278188d8e07b49f48e5d4b7ab68fc4a6f2bef9f71aa4a5b3357a3ec8929292f6e2589ab3b6d676cd98ef312a2accc2b91a777ce295a5cf9cf7662b5a08a5509e86c32b6d18ddbf687a1f74a6030431bed2f235d6394bb7d05ce0e268469594490add210687a2569974ee6280853ce90fada41d8e39a37d22159ec13a82fcfbb4c9244a96880532eb873dc444b976723f78e79dcfed8da507d5ab1ec78bc63d80020820800208208002082080085a4ed571683d66f01b4c54cb11e5aad37e631d80dd1c87d7130234793beb9f1abbecb6474a953d10f592121d58611a1e56829c91121c10335054e14f8424b1a1a02d41521454d394501d2e96c32e5487af48dd7cc32a8cc10723813d9c636429ca58c2d9f512da45ce8b4e9dba56ff004d4fd9afbc47ef187c076c5e42254b0a02a8a0000038014119ad71d2c547412c90cc2aec3354385d07616c71d8071063b94e9aa71c23337a991b5935b0a932acc457269b810a76acb1931e2701b8ecc9cbd1ad358b35599b3662598f3638c59e8bd0aa69d51f18d5e8ed0c132186efa4449e4948c80d580c3d51dd8c393f54c07501477563a224800651ecd940e3b4418780ca399691d5e5068a8a08db7467ca2a9245aec8dd2caad066530240d8ca6a18702088eb2da394e70cdaec0b4a81801e10b70eab62ca48cae8bd352f4825d601675321eaccc312a0e4db6eeec4571a6634cd81a53d56aaca6a08c082368221ed2fa20c96e9a4d54a9a9030c8d6f0dc46716b6bb48b659c4e1ebaf5660e3b1e9c687b418b53a8dbd32e7f322514b75c8b0d46b7999672aee59d1daa09248538ae24e2338d07ed62555d880a012c49a00a3124939537c736d5eb6fecf691eebf55be5e3f18e8ac6b1c4bda72a15f5c7aeebf53452c4a3863d274acc9e01b34afb3394e9d596a47bd2e5d2fb8e77411882625cab34dcde712774b9688bdcd78ff00345758644a2fd7972d8b64cc8a5aa36548ac5d4b94172c38570ee8ed5b5c2af4f52f699aa41c258148a46649e74f9010a8208d05020820800208208002305e97b5a67e8fb3c9366608f367152c5435104b6634070ad6ef8c6f63927ffd056d1d1592463569af36b852ecb4b84655ad670ee3001ce575cadbff0070dd8b2ffb61e5d72b6ffdcbf74bfed8cd0960f910e74237f8084fe1e8ff00a2f722fe24bbb34e35cedbff0074fdd2ff00b6197d6bb63e06d53b1dce57fa69141d171f010e2493e47f98954292e515ee446a9773b2fa20d22ffb3da9e64c79970de0663b3d15658340589a0adec21df43b61c264e3eb3006bf889a0ec0b5ff00d9147ab5a2ccbd073ed0b3e64b6659d7900965080e5154d56f620661bda8da7a38129566a49e92ea7443ed000f782056c06caa6117c106c674c0aa59b00a09277002a4c73a9530cd985dfd676bc46eae4bd8283b2367ad0e45966d36a85fe260a7e3198d0b64a9ac44d931468f43d980158b3b55a165233b90aaa0962760109b2caba2311e992dcd2ec8880d04c99d6e214569de4774447b92f778339acbaff3e7b15904c9975005df5d85695661972119c9fa6ad52a8c93e6824ffd4735f18cd5af488952c9a9a9c0007dad951ba33b2f4fcdbdd76bcb5ca830e511bcb745f118eccfa27533d2009aeb22d245f6a0599902762b0de77c6e6db5a47cd32cd0ab0c0e75f111f43e85b599f649331b3696a4f3a50f8888d594438e9915f6eb282231da27ec2d6d24e12e6f569f8fd53d8c0771df1d0a6246075b24dd9c8c33a1f0208f9c2aa6d89762d1ec52e94925199722a4f30418e83a12d7d2c846da54579c63b5acd67b30f6d51ff8d437ce2d3536dca25096585eab10b51788a9c40cc8c232f168e686a5d1936efd3c1a927745fd9e65e50dbc4676fc5b68699542371f03e4c62e1357155c7baf90eb987a39ec58410411e88c210410400104104001190f48daad67b74a469d7efca6fb328d77d72b795b0c54dd1c70c0c6be2a758ffd351be60fe96308b99b851949734997a6b3248e669e8e2c87d971ff00b667ccc7ade8d2ce723347e707e2b1ba96b0ea88f291beb97f9dfbce8ba74fb239acff0045f2fd99d347308c3ba80f8c575afd1b4f41595365cc3b9d5a57882f1d782c7a6588d30e21731fcd9f70a952a6fa1cbadfa592cfa21ac2587ed17c2ba0d80759883b47569db1aaf45d6cbc5ffdc08dfca7eb165a5742cb9b52c8a4d2952a09dd9c663404ff00d9a6ca6c87aa46ea363fd423b3697aabbc630ccd529694748d63977acd338056ec560c7e1157a1650148d010b31083886520f22318cde8899466427af2daeb8db51b791cc1e31b2a1489a758c67a58d12d68b15e415692d7e9f72946f91ec8d8ab611ee6287ba21320f932d7671314a9c38ee8ac91a17afd7614dc2b53c384779d6cf456b358ccb2384ae26537ab5fba760e0632b27d15dbcb50aa01ef198a473a0c62375c866a8bdd99eb2869ac8882accc140031249a651f4368fb2f412254af71154f3031f1ac67f53b5125d87ed1dba59d4c1a9454df746fe31a59ad11cb6072d4f23735a30fadec2fa7e63e11b19d3308c7dae574f6b507d45f58ee51d6987f8442eaef1c77256cf2546b461342fbb2a4a9e6b2d418e7fad538abc9652ca42310ca4a904b9c98620f2df1b0d316ce966cc99ef3b1ef384617586da5e6195eca1079b5dc7baf111a84979a1fd23daa4d04cbb685fbfd599ffe801af6831d3b50b5fecb6a99d1163266bd0224ca75d856a11c604f0c0f08f9f7a2dd1adf455a31a7e94b38180944ce727dd41801c4b3278c67569454d548c70d76fa722fe2cdc74b7b1f4c410411a45841041000410410004536b0b632c7163e007ce2e628b4d9acd51b93e24fd0460e272d36d2f67cc75bacd4446587442161623ca40e8316b0b10810e08d3142d9e308c2eb2d84ab4c51ed7da273f680f1f08de18a8d60b0198955f5d715f98edfa468b7a9e15452e8524b52c0cea2eb174d2c2b1eb2e07b227eb3584ab0b54a342001329b576311b40c8f0a6e8e65327b596709f2f0563475f75b6823670eed91d2740eb2a4f519622847d63d234aac0c5bc592f46e9c56004cea9de3153f4f38c5ccb704541046f188ef8cbe92d0e6575e482c999518b2721ed2f88e5946b2daf6a9238a9a57bb38e74abd4a0f4d459f31da149651b02d033c675349b8f6abf880f95216da6267fb7fc2dfdd1657d4bcc3c265cbcd88b35e29a76967dea3929f9931536cb796c092db81cabc1440ef61f95365bc3659695d2aaa085353bfd91f58cf695b4fecf248fdece18ef4955ae3b8b1a1e406f895692b661d25a2866672e4ee3b1a60ff008f7ee8c5dbeded39d9dcd492492634d084dbd73f6215392e48431a90a369a7d7c2b158fa9f78b1e91eac49a90a7335ca91a2d096327ed1b68a28fbbb5bb70ec117f22cc239f797f28d4d34df23451a2b4e648e656ad4d9ebea32bf03543f311b2f429abf6a976e79d325cc9729643a5e614498cceb40ad9352e938651a6fd985237ba164dc912d7ee0ef389f8c3787ded4af271974452bd28c12689b04104758ca1041040010410400119ed26d59edc028f0afce34319ab61ace99cc0ee503e51c9e30f1412f3469b55e9fb0f56170858588f3b036b16b0e086d61d11a602e47b087585c7862d25945518ed6cd08ee930c8b979c51d59035e031bcbeeb8a0e718459b32c6d7e592d2eb43b0a1f7586ce71d9e6256339a6f402cd258751e94bc00c46e7538308d7697f2a5e84f914a9494b7457680d7ecaf623746805b6c969eb1fb3738de4c093c4644f3158e63a5b55a6ca259148e280b21fca3ac9e239454ada27cbcc1206d5eb0eda65db1db8d4a75a3d1a32b8ca2cec6da2d8ff00a73a5b7e2054f6917be10db68a9def49e7d2353fa2393c9d6675f68c29b5a6653d73df0b76541f42de2cbb9d3ed16244159d6851c258bc7bda9f08a4b76b4c9b3822cebd7cba46379fb0fb3d80473bb469977cd898559b47cf9a705206f6c078e3178d2a3477c2446a94b6275bb4934c259dabbc9313b44e8d3368ce28998539bf13b9786d8f2c5ab243a31995ba6ac0ae7b80c70f18d64993182f2fd69d349f3ea3e950df320932a26c958f25cb890a91c166c10f9474196b4006e0077460acc959b2c6f751fcc237f1d9e0d1da72f52325df44104104770c6104104001041040011979a6b3267e36f8c6a232bedbfe36fea31c5e34ff00e38af335da2f498f2c2c420438b1c281ad8b587561b5871635410a90aa426133d091404a9de2951df11e5da0ae13283ef0f54ff69e0609492e642591f610dba561e8f0885c967912995d3acf1556cd168f8b2293bc815ef8d215865e45622329449d99cfeddaac8d343d4dd02865e0549de6b8fe90d1d5d923f74bdd1bc9b6488af6211a7f175318d4c8f0e3d8ca49d1a89eaa28e40449e822f1ac62234f454152690b95572e6cb24910a5c98952923c9725dfd51746f231ec1132c7a2829ae2c77b127f485b68b0a952616d2e26095486a62c2a4cb446f44cbada25f024f7298da465b404bfb7e4ac7e03e71a98f43c2238a2df7662bb7e9fb0208208ea9942082080020820800232728d4b7e26f898d64642c86bde6387c6ff00b21eb66cb4e6c96b0e2c2161d48e240d321c510b109510b11ae0259ec25a5830a8f62ed2657241996665ff004da9f758557ea2239b7cc4ff00524b7396438eec1bc22da3c2b0b74b1c8b6aee540d3d23da7b8773ab2fc443aba5a41ca6cb3f9d7eb135e483b2234cd1b2ce68a7f288a38bfbfe0b2c11e6696903f7b2ff00884429da764fb2d7cee405be11629a2648ca5a0e4a21f5b328c8010bd3e4cb64a213e74df525dc1ef4cf92889165d0c01bd30998fbdb21f85721173720a44efea0c91c4802161290ec24c0a2191a71115c449986233c2e6c6449bababf68e7ee81de7fc468228f573399f97fe51791e9f85ffe68fb7e673ee7fec610410474040410410004104100147adbac22c3295ca172f302000d31209a9343ba32babfa725cda0add639034c791ed86bd305ac16b349a8afda4c22a2b9054a0fe38c75852e91f8694e069b3b20abc329de53c4b67d1afa087793a13db91d6961e41189d07a7d96aad5745da4f5947cc0f348d0691d629122ce6d0ed541402ee2ccc700807bdcf2c49ca3cc5cf0daf6b35192ca7c9ae4fe8fc8e952baa75a398bdfb176216239237a589a1abfb2a5cae5d2b5fa7e2bb4ad387d63a16af6b049b6ca1364b5413420e0c8c33471b08a8ec20e4626a5bd4a2b335b165252e45c986675a153d6655ae578815ef8e5daebe912633b48b135c55375a78c598ed12b6051ef6dd94ccf36b475d8bcc25d8e6ce4b31e6cd898d946c2735993c0a9554b647d3a1a1558e1fe8bf58de45a92cc589933af2842709730296565f741a1040cea0ec8ed88d19ebd27467a58c83d4b2391e411e428b04791ec7862ad224f0c24c7a61309932c8212d0a86dcc51b2c8666188d30c3b35a224d78cf2791d141a334cf456d9320d2eda12763b43cab857b28cfe11b58e27acda5fa2b54898b8990d7a836d595997b4253b63b4c99a1d4329aab0041de08a831ebb875371b5837d73f33955e69d6925d31f217041046c16104104001041089d302a9639015886d2596067b5a743d9ed3324b4d94af364b164639a02284710771dd58cf697d585356942876aecfca7672cb946a65826acd99c4fd23c731e665c4ab2b8f169cb1d974c79a363a1094344964e5cc86592a450d79786cd99c66f5b66310b9dd0f523215ba403cf123b78c760d2ba25670ae4d4c0fc8ef11ccf5bf443ca9532f024004d4642988a88f516bc5e8de53d12f467dbbfabe87267653b7a8a51de26167cec38c4ad07a527c849c92dee2cf0a1e9980b5add3ec920d09ce915d28571890a22b28a92c335a78e42a6bdd141109e743f3a49687345ca08f5708c720262065e181db1386f9156f1b9a4f465a15e75aa5da082254924ab1f6e650a80bbc0bc493c008eef2728e57a3b58a64a0b84b38640114e1eb4699f5b8ca0b7d259bc3d99c6f644e2bd19ddbe39777c3ef6ad4d7a161766bf568653bba1158cfc19b380c65e6eb7040a5e530bd951813dd407777c09ae32ca86e8e6518d07a9fddc232bb0ba5fe37f0fa8c57547fd8d3c119e3ad483f7737ba5f1fbfc0c31375c65a90a65ccab5295b98d69b431de22bf80bb7fe364fe2a8ffb234c6131936d765bc544b350698b50570c2b74ef1df113ff00bb1672a111695a92e5c61d8b02e13792fc9f18fd4877b417e6f83fa1b5261998d1cf1b5d27cc2c032a85c2aabeb1e17ab4196d8a799a767ce7a19af41b0bd01a0a914cb61d9f38d30e015e5fdd24bdeff6f88b7c4a9ae499d32d368033207322337a774faca0554d5b70d98571fa4738b769845721aae70a9cc0c471cfcd22405bc01ae14ef1cf746aa1fd3f454f329eac74c63f5652a712a9a768e33d7ed04f98d30b31c4d49f9d047d11a0ece6559e4cb6cd254b53cc2806389eaee8dbeeae475571fc4db00e023b6e88b674d2836dc9b98f35ed8dd5aea978bf878f34bed7b0550a53d3e2cba9360820881a104791ec00115da59fd541b4d4f21fe7e11631513daf4d63b05147667e24c73f89d5f0edda5cdec368accb3d84b602333ac9a7459caa838931a0b4cd00127608e53a4e4ceb75acf46a582b6cc8733908f39460a4fd2e48db1ca593a3c9d2b2fa1e96632a28156662154732639e6bcebec89b29e4d957a52ea51a6b0654506a0dc5201634db80c76e5143e90b464e913d04d6251a529417894057060065504d6b4f6846604bdbb23b567c3a934aac9e7b7633d5acf2d21b92b4112e544499380ca233db760c4f08ec994b479c2215a270310faec7e5122cfa36639c0506da9a9ec1165093e48ab9c57366af424f2d2d49a9ea8edd9e7f58bc5604d4eef231cb679a529f4558e8a00d8079ee1e1df6eb2eee07e5e4febc63b3493515938d55a72781ab41be41a0c050721e7cedf1c62090301867b61ca61500f022a7765e1e6909a536539ee3c32f27656b62a7a6d077eca66798f8f9d90ae50d70a9f879f3944834072c7ce78f3f3586e6027215e3fa67e77e10c944566a654f01e7f587090170c09fd31f3f38f4cbe0479f3e690a228684d32a8f3e70efa96e833212efcffcf779c6132596f8a63d6c770ae189edf3b5c6905b60037b65d836f9e108a81965bcf9a79ee827999fb658a6748e1545d6a558ddea804770c36708db684d066eadfc80187d628a6d5cf58e1b870199ee8e9f67b3d00e423cf717b89db412a6f1ab275aca11acfd35c886b2c22eea08d26a35b2a5d0ed178730687e3e119dd2f821e240f189fa9cd726a1de48ef07e748f396b3d356337dfe675ea2cc1a3a1c10411eace584104100089af741276026289a75d1c4e27998b5d26692cf351fcc22024915a9c4c79ee3351b9c61e59f7ff06bb7492cb221b199a28d50a766d3f489965b1a4a5ba8a146e03c61c332915fa4b4aa495ab9a70da63974d6398d6e522a35fb4225aeccca480e95694c76353d52773647b0ec8f9fed2c56a0e046041cc18eb7a6f4dbda0d012a9bb698cae91d5413e62b83745474829eb81b8d70272ac766c2e7c24e35397c85d5a59dd73329a1b43bda5aa7ab2c1c5b6b53355faec8bdd35a3557a35550a007000c06148db68fd1214055500014000c00885ac562bb72bbcfc0469b6bbf1aea2ba6ff002135a1a29331d2346708b8b2d8e9853cef895225d30312925fd2b8f9dbe4d23d7429a479e9d46c44896171ddfaf9f223db5bd766fe3c30f3b3bde618529fa6df3fe6225a530efc2a7cf9e50c7c852e63b2548ba461d4cc022b5fd6277ed0a31722eaf58b614a8c6f31d831af9110247aa99fa83b69879f2233bad92e75a1e5d9a4e4e0bcc6a9a050682f1dd5af334853969867191ca3aa78ce09e35ba53bf45225bda1e86a5155568053066232a67b6a3b5bd1fad7226932c83266dea0598a31353d5ae38e273a7c6b5d6a9b2b45aa4a952da6cd9a2a71a3375ae8ad013982028e3b62369ab025ae5899d1cc933e87aa654cc69ecb10b8e5837908739aeab2ba7efdc7aa707d1e1f27fb7634b3e6935c6e8c80a1c7cd07eb9322a5881406833e54cb0dc3ce517423b3485334307ba54dead4d0d013cc52243ad5c9e3b39f9f39b53ce1a14d3594c96f661edb5efbb805af21f38853daa7872f261e9b979f8f2f3b6197f3cbcf9df791488c9719015c08f0f3e72eae8308e4e571fae5967e7f4eae0e11e53fa8bf27b4edf0ce522af4c1f546f6f808b1d14972eb6e653dc418aad2aff692c7e23f08bdb125523cd4db8c53475e3bec6e60866c732f4b46dea0f843d1ece32d514d75392d61e0208208b103569921d4a9da33dc7618cadbaded66349ca546c700946e21b67238c6be3c8c577630b9c36f0d7543695670e8738d37ad0d2a434e496e5010b7d85d52cd800b7a978f2ad2300dad2b34de9b7c372bc072a46dfd31b3b29567b92e5ac9992d3febbb4c79736877cb0651a6e984c72791652c695a018927200626b134383d08c37cb7dca54bd9a96db235964d2d218fafde8ff48d1586d7208ff513b481f1e6230b609796ec0ff8f8f7c5827ad5d801d831ad47c49fe187be034a4bfb9af77d0cef89c9745f7ed3a0c8b5491fbc97fc6bf58a5d6ab4237461595bac6b46068299e077d233f24d43658e580dc00ff8e1ce1566b2abd42d0576d368cabb7da5af28bdb7018d1ab1aaa79c3e42eaf12d707171e63f2d46eece7c3b7be1530d2bcb6d7c1bce44ee8f6c9a38b56868e29d5ae78e174f234e661769b315cc9faf2e39778dd1e88e43232cdedf3f1ff1b8c25c83d9961979f3898688a67861e141853c79738486dfe7cfd784464b607258c003b38f9aedf18a0d6db34d052d16726fc906f05cca135ad3da00e638f08bd56046181dbf42377d3842a5b8cbd5c71eae19e38570d987f9aaa71cc703612c4b519ab35b2cfa4d57a65bb39064ac54d30c50ed5e1b3b8c42d2da60d058ec20d054332924e27ad46e79b4696dda26ceec58a25ff796fa1ad29525695ad698eee709936593287d92aae0075131e7539eccf7f385384f1bb5e6fab1aaa43a27e4ba22368ab20952925e7414276124f58d3b7e1db2b0a934dbe190cb0f3c700d33edde4f6d32e1f588d32f31ce83bfc76ff9e3174b051bc92274ee3e7cf9cc401ab902c72a7679ece19332d473eff0dbe778895d35000a2a7601f33e77e5165e655edc866d0a516ad40720067fa6dff31a93ad894c11bf31519f698ccb59ce17bacec694d8057103b333bb8446b43519815a506dc30201158c5776546e1a75572f5fe868a1713a69e864dd2b6fe96709d7991905d0aac6989241200c63a2eafdafa4948def2834e34c4472477af708d9ea2dadc8a312578fbd79ab77852ef8c7138d59d28db2d0b1a7ef074ac2bcdd57a9e7275bd0cd592bc2f0ee6313a2af403d5186e7f88062d219652d56f07e48656589bf58410411a859ffd9, NULL);

-- --------------------------------------------------------

--
-- Estructura de tabla para la tabla `u_activo_c`
--

CREATE TABLE IF NOT EXISTS `u_activo_c` (
  `C_titulo` varchar(50) NOT NULL,
  `U_nick` varchar(20) NOT NULL
) ENGINE=InnoDB DEFAULT CHARSET=utf8;

--
-- Índices para tablas volcadas
--

--
-- Indices de la tabla `crucigrama`
--
ALTER TABLE `crucigrama`
 ADD PRIMARY KEY (`Titulo`);

--
-- Indices de la tabla `c_contiene_p`
--
ALTER TABLE `c_contiene_p`
 ADD PRIMARY KEY (`C_titulo`,`P_id`), ADD KEY `C_titulo` (`C_titulo`), ADD KEY `P_id` (`P_id`);

--
-- Indices de la tabla `etiqueta`
--
ALTER TABLE `etiqueta`
 ADD PRIMARY KEY (`id`);

--
-- Indices de la tabla `etique_contiene_pala`
--
ALTER TABLE `etique_contiene_pala`
 ADD PRIMARY KEY (`E_id`,`P_id`), ADD KEY `E_id` (`E_id`), ADD KEY `P_id` (`P_id`);

--
-- Indices de la tabla `historial`
--
ALTER TABLE `historial`
 ADD PRIMARY KEY (`C_titulo`,`P_id`,`U_link`,`Respuesta`,`Fecha_R`), ADD KEY `C_titulo` (`C_titulo`,`U_link`), ADD KEY `U_link` (`U_link`), ADD KEY `P_id` (`P_id`), ADD KEY `historial_ibfk_4` (`U_link`,`C_titulo`), ADD KEY `U_link_response` (`U_link_response`);

--
-- Indices de la tabla `palabra`
--
ALTER TABLE `palabra`
 ADD PRIMARY KEY (`id`);

--
-- Indices de la tabla `u1_amigo_u2`
--
ALTER TABLE `u1_amigo_u2`
 ADD PRIMARY KEY (`U1_nick`,`U2_nick`), ADD KEY `U1_nick` (`U1_nick`,`U2_nick`), ADD KEY `U2_nick` (`U2_nick`);

--
-- Indices de la tabla `u1_c_pidayu_u2`
--
ALTER TABLE `u1_c_pidayu_u2`
 ADD PRIMARY KEY (`C1_titulo`,`U1_nick`,`U2_nick`), ADD KEY `C1_titulo` (`C1_titulo`,`U1_nick`,`U2_nick`), ADD KEY `U1_nick` (`U1_nick`), ADD KEY `U2_nick` (`U2_nick`), ADD KEY `U1_nick_2` (`U1_nick`,`U2_nick`);

--
-- Indices de la tabla `usuario`
--
ALTER TABLE `usuario`
 ADD PRIMARY KEY (`nick`);

--
-- Indices de la tabla `u_activo_c`
--
ALTER TABLE `u_activo_c`
 ADD PRIMARY KEY (`C_titulo`,`U_nick`), ADD KEY `C_titulo` (`C_titulo`,`U_nick`), ADD KEY `U_nick` (`U_nick`);

--
-- Restricciones para tablas volcadas
--

--
-- Filtros para la tabla `c_contiene_p`
--
ALTER TABLE `c_contiene_p`
ADD CONSTRAINT `c_contiene_p_ibfk_1` FOREIGN KEY (`C_titulo`) REFERENCES `crucigrama` (`Titulo`) ON DELETE CASCADE ON UPDATE CASCADE,
ADD CONSTRAINT `c_contiene_p_ibfk_2` FOREIGN KEY (`P_id`) REFERENCES `palabra` (`id`) ON DELETE CASCADE ON UPDATE CASCADE;

--
-- Filtros para la tabla `etique_contiene_pala`
--
ALTER TABLE `etique_contiene_pala`
ADD CONSTRAINT `etique_contiene_pala_ibfk_2` FOREIGN KEY (`P_id`) REFERENCES `palabra` (`id`) ON DELETE CASCADE ON UPDATE CASCADE,
ADD CONSTRAINT `etique_contiene_pala_ibfk_3` FOREIGN KEY (`E_id`) REFERENCES `etiqueta` (`id`) ON DELETE CASCADE ON UPDATE CASCADE;

--
-- Filtros para la tabla `historial`
--
ALTER TABLE `historial`
ADD CONSTRAINT `historial_ibfk_3` FOREIGN KEY (`P_id`) REFERENCES `c_contiene_p` (`P_id`) ON DELETE CASCADE ON UPDATE CASCADE,
ADD CONSTRAINT `historial_ibfk_4` FOREIGN KEY (`U_link`, `C_titulo`) REFERENCES `u_activo_c` (`C_titulo`, `U_nick`) ON DELETE CASCADE ON UPDATE CASCADE,
ADD CONSTRAINT `historial_ibfk_5` FOREIGN KEY (`U_link_response`) REFERENCES `usuario` (`nick`) ON DELETE CASCADE ON UPDATE CASCADE;

--
-- Filtros para la tabla `u1_amigo_u2`
--
ALTER TABLE `u1_amigo_u2`
ADD CONSTRAINT `u1_amigo_u2_ibfk_1` FOREIGN KEY (`U1_nick`) REFERENCES `usuario` (`nick`) ON DELETE CASCADE ON UPDATE CASCADE,
ADD CONSTRAINT `u1_amigo_u2_ibfk_2` FOREIGN KEY (`U2_nick`) REFERENCES `usuario` (`nick`) ON DELETE CASCADE ON UPDATE CASCADE;

--
-- Filtros para la tabla `u1_c_pidayu_u2`
--
ALTER TABLE `u1_c_pidayu_u2`
ADD CONSTRAINT `u1_c_pidayu_u2_ibfk_5` FOREIGN KEY (`U1_nick`, `U2_nick`) REFERENCES `u1_amigo_u2` (`U1_nick`, `U2_nick`) ON DELETE CASCADE ON UPDATE CASCADE,
ADD CONSTRAINT `u1_c_pidayu_u2_ibfk_6` FOREIGN KEY (`C1_titulo`) REFERENCES `u_activo_c` (`C_titulo`) ON DELETE CASCADE ON UPDATE CASCADE;

--
-- Filtros para la tabla `u_activo_c`
--
ALTER TABLE `u_activo_c`
ADD CONSTRAINT `u_activo_c_ibfk_1` FOREIGN KEY (`C_titulo`) REFERENCES `crucigrama` (`Titulo`) ON DELETE CASCADE ON UPDATE CASCADE,
ADD CONSTRAINT `u_activo_c_ibfk_2` FOREIGN KEY (`U_nick`) REFERENCES `usuario` (`nick`) ON DELETE CASCADE ON UPDATE CASCADE;

/*!40101 SET CHARACTER_SET_CLIENT=@OLD_CHARACTER_SET_CLIENT */;
/*!40101 SET CHARACTER_SET_RESULTS=@OLD_CHARACTER_SET_RESULTS */;
/*!40101 SET COLLATION_CONNECTION=@OLD_COLLATION_CONNECTION */;
